gene,mean_expression,log2_fold_change,p_value,adjusted_p_value,called
GENE1483,176.3636,-1.9662,0.000403967,0.417544,False
GENE0949,4977.8175,1.9794,0.000723401,0.417544,False
GENE0215,222.7433,-1.7555,0.00179977,0.417544,False
GENE0552,838.0705,-2.1129,0.00186435,0.417544,False
GENE1914,1041.2805,3.2439,0.00211497,0.417544,False
GENE1797,150.6219,-1.5294,0.00216818,0.417544,False
GENE1132,2465.7067,1.2593,0.00228196,0.417544,False
GENE0546,1261.0208,0.5863,0.00259422,0.417544,False
GENE0824,962.4819,-1.9397,0.00282637,0.417544,False
GENE0114,292.4011,0.8901,0.00290692,0.417544,False
GENE1723,40.2508,-1.8107,0.00301718,0.417544,False
GENE1141,549.4451,0.9617,0.00315258,0.417544,False
GENE1261,150.1930,-1.0074,0.00321257,0.417544,False
GENE0141,195.7364,-0.8350,0.00322691,0.417544,False
GENE0925,108.2123,-1.4459,0.00332066,0.417544,False
GENE1253,139.1755,-3.1459,0.00339467,0.417544,False
GENE1274,854.2002,0.4363,0.00374454,0.433486,False
GENE1402,728.2860,2.6664,0.00408631,0.446482,False
GENE0181,48.1922,-2.8345,0.00431054,0.446482,False
GENE0381,74.3984,1.9339,0.00673534,0.531208,False
GENE0529,1898.4688,-0.5256,0.00693849,0.531208,False
GENE1002,497.1977,-0.2648,0.00724804,0.531208,False
GENE1763,53.8966,0.6766,0.00768674,0.531208,False
GENE1843,19.2133,-1.6036,0.00783982,0.531208,False
GENE0328,3546.6977,2.2012,0.00787715,0.531208,False
GENE0143,347.9340,2.7672,0.00843829,0.531208,False
GENE0576,1074.3725,0.8398,0.00866833,0.531208,False
GENE0620,1385.0656,1.8451,0.00890296,0.531208,False
GENE0767,165.2919,2.1536,0.00908017,0.531208,False
GENE0048,130.9697,-0.8404,0.00915787,0.531208,False
GENE0701,20.8421,-2.8083,0.00952588,0.531208,False
GENE1871,1050.8393,-0.6570,0.00956154,0.531208,False
GENE0131,236.5064,-0.7908,0.0098252,0.531208,False
GENE0049,136.8252,-0.5033,0.00988414,0.531208,False
GENE0995,102.8518,0.6444,0.00993729,0.531208,False
GENE0135,31.7571,-2.5675,0.00997651,0.531208,False
GENE0230,6.2482,-1.6640,0.0102405,0.531208,False
GENE1745,1983.3734,1.9298,0.0106455,0.531208,False
GENE0513,15.0358,0.7678,0.0106705,0.531208,False
GENE0530,614.7814,2.7023,0.0109139,0.531208,False
GENE0360,228.3227,0.4821,0.0112219,0.531208,False
GENE1628,167.4780,-0.7981,0.011595,0.531208,False
GENE1173,2288.1679,-0.6785,0.0116067,0.531208,False
GENE0126,28.3845,-0.8842,0.0120022,0.536826,False
GENE0186,132.7164,-0.6074,0.0131379,0.574566,False
GENE1807,1048.8248,-0.2468,0.014524,0.605805,False
GENE0619,603.3223,1.2076,0.0146205,0.605805,False
GENE1133,129.4949,-1.8069,0.0147757,0.605805,False
GENE0587,256.7664,1.0455,0.0151771,0.609563,False
GENE0950,103.3133,-1.2930,0.0159597,0.628175,False
GENE1003,287.6266,-1.4702,0.0176528,0.671793,False
GENE0572,82.7013,1.4441,0.018269,0.671793,False
GENE0014,320.7787,-0.6145,0.018303,0.671793,False
GENE0807,1496.8601,0.7390,0.0186229,0.671793,False
GENE1328,682.3515,-0.3968,0.0187747,0.671793,False
GENE1762,69.6457,-0.4485,0.0198566,0.697819,False
GENE1970,281.8364,-0.9331,0.0208907,0.711659,False
GENE0391,513.5898,0.7302,0.0216119,0.711659,False
GENE0113,69.9835,-1.6234,0.0218455,0.711659,False
GENE0163,104.0153,-0.6251,0.0223371,0.711659,False
GENE1096,1215.2179,0.6746,0.0237739,0.711659,False
GENE0210,160.7842,-1.4625,0.0241081,0.711659,False
GENE1599,5946.2064,-0.7664,0.0249215,0.711659,False
GENE0438,210.1042,1.3530,0.0249291,0.711659,False
GENE1202,1016.9822,-1.9403,0.0252467,0.711659,False
GENE1799,49.4754,-0.6425,0.0258019,0.711659,False
GENE0208,43.1531,-1.5266,0.0261243,0.711659,False
GENE1831,20.5965,-1.4029,0.026126,0.711659,False
GENE1205,497.8844,0.5379,0.0264431,0.711659,False
GENE1060,91.6662,-0.7976,0.0266558,0.711659,False
GENE1680,55.6807,-1.3766,0.0267316,0.711659,False
GENE1178,55.9431,1.1206,0.0268946,0.711659,False
GENE0876,16.1389,-2.3686,0.0274533,0.711659,False
GENE0332,246.0162,-0.6429,0.0277274,0.711659,False
GENE0543,29.2116,0.5433,0.0280456,0.711659,False
GENE1659,130.2342,-1.4744,0.0282342,0.711659,False
GENE1121,6277.1671,-0.7586,0.0283292,0.711659,False
GENE1192,317.6843,-1.0077,0.0289534,0.711659,False
GENE1081,392.3815,1.3451,0.0300778,0.711659,False
GENE1080,9.4621,1.0761,0.0305737,0.711659,False
GENE0006,4423.1442,-0.9140,0.0307749,0.711659,False
GENE1897,637.1377,-2.3371,0.0310826,0.711659,False
GENE0227,351.7726,-1.7358,0.0315346,0.711659,False
GENE1035,381.5524,2.1331,0.0316941,0.711659,False
GENE1975,664.3864,-1.3376,0.0319821,0.711659,False
GENE1587,112.2119,3.4189,0.0324678,0.711659,False
GENE1036,219.0531,-1.6795,0.0325942,0.711659,False
GENE1279,113.9526,-1.0949,0.0329627,0.711659,False
GENE1428,69.1332,0.7945,0.0330766,0.711659,False
GENE1237,1316.6109,-0.5865,0.0336664,0.711659,False
GENE1594,87.0193,-2.3683,0.0344543,0.711659,False
GENE1779,356.9755,1.2592,0.0347799,0.711659,False
GENE0765,1141.3144,-0.2450,0.035013,0.711659,False
GENE1207,82.5029,-2.0002,0.0351543,0.711659,False
GENE1243,1206.4686,0.4568,0.0352573,0.711659,False
GENE0890,33.8001,-0.5277,0.03541,0.711659,False
GENE1652,47.6274,1.0803,0.0357697,0.711659,False
GENE0096,6.6809,-2.0025,0.0357838,0.711659,False
GENE1076,38.4630,1.2730,0.0361379,0.711659,False
GENE0842,85.9842,1.9497,0.0366619,0.711659,False
GENE0670,94.7530,-1.1840,0.0370872,0.711659,False
GENE0612,1858.1846,1.1319,0.0374952,0.711659,False
GENE0706,3717.1130,0.5983,0.0378986,0.711659,False
GENE1040,111.8453,-2.0660,0.0380451,0.711659,False
GENE0477,60.4492,-0.8403,0.0390402,0.711659,False
GENE1822,420.5627,0.8253,0.0391775,0.711659,False
GENE1574,24.2644,0.7640,0.03918,0.711659,False
GENE1426,208.0802,-0.6738,0.0393585,0.711659,False
GENE0354,686.6746,0.5463,0.0396467,0.711659,False
GENE1678,1591.3792,0.5144,0.0397777,0.711659,False
GENE1541,440.8835,0.7055,0.0406926,0.721469,False
GENE0970,173.4480,-0.5149,0.0413677,0.726889,False
GENE0074,395.8017,-0.8988,0.0425429,0.739224,False
GENE1474,222.7516,-1.1753,0.0428209,0.739224,False
GENE0198,20.4014,-0.7224,0.0451398,0.753897,False
GENE0302,174.2141,0.8921,0.0455752,0.753897,False
GENE1097,238.3237,-1.8585,0.045723,0.753897,False
GENE1507,177.1036,-1.2189,0.0458927,0.753897,False
GENE1089,10.5299,0.9006,0.0460981,0.753897,False
GENE0766,281.7233,1.3164,0.0464495,0.753897,False
GENE0497,1597.9793,-0.7735,0.0471104,0.753897,False
GENE1885,172.1584,0.5960,0.0472371,0.753897,False
GENE0057,259.4010,-1.0423,0.0474636,0.753897,False
GENE0434,39.5556,-0.7569,0.0476067,0.753897,False
GENE0512,1139.9597,-1.2034,0.0478847,0.753897,False
GENE0997,3634.0898,0.8129,0.0484203,0.756278,False
GENE1869,158.8306,0.8200,0.0496881,0.76997,False
GENE0858,278.3422,-0.8426,0.050935,0.780572,False
GENE0832,44.3229,0.5595,0.0519368,0.780572,False
GENE0569,143.7563,-1.4589,0.0521319,0.780572,False
GENE0779,288.8641,0.8326,0.0527547,0.780572,False
GENE0378,282.6087,-1.0087,0.0527599,0.780572,False
GENE1990,613.0609,-0.9508,0.0530242,0.780572,False
GENE0491,48.9683,-0.7981,0.0533252,0.780572,False
GENE1663,656.8341,-0.6323,0.0535453,0.780572,False
GENE0070,214.2739,-0.6021,0.055024,0.789402,False
GENE0168,106.9452,0.5377,0.0551628,0.789402,False
GENE0773,104.7848,-1.1576,0.0553544,0.789402,False
GENE0560,145.5592,1.3514,0.0559359,0.791956,False
GENE1840,2877.2145,0.7612,0.0567888,0.798288,False
GENE0841,154.2595,1.0570,0.0576344,0.804429,False
GENE0185,165.7556,-0.7347,0.0589893,0.813989,False
GENE1468,74.0086,0.6563,0.0594683,0.813989,False
GENE0015,127.6255,0.5779,0.0599004,0.813989,False
GENE0280,457.9925,-0.4265,0.0599737,0.813989,False
GENE0437,1055.8654,0.6455,0.0606509,0.817344,False
GENE1955,111.9146,0.7445,0.0610516,0.817344,False
GENE0833,559.6887,1.2925,0.0623224,0.828719,False
GENE0999,202.5465,1.2291,0.0633899,0.829983,False
GENE1687,1032.4106,-0.8410,0.063489,0.829983,False
GENE1547,1192.3741,1.4820,0.0641834,0.829983,False
GENE0901,83.0945,1.3972,0.0642923,0.829983,False
GENE0692,7.5420,-0.5947,0.0651478,0.829983,False
GENE1788,19.7098,1.4810,0.0653389,0.829983,False
GENE1189,54.1703,-1.6528,0.0653696,0.829983,False
GENE1565,197.9889,0.6045,0.0661853,0.830817,False
GENE1384,50.3768,0.4007,0.0671141,0.830817,False
GENE1915,214.6410,0.6216,0.0674227,0.830817,False
GENE1143,154.3698,-1.3057,0.0680814,0.830817,False
GENE0251,186.5495,0.3928,0.0681145,0.830817,False
GENE0726,144.5514,0.7759,0.0681566,0.830817,False
GENE1185,42.9319,0.5360,0.0683905,0.830817,False
GENE0183,76.4553,1.6029,0.0697542,0.831631,False
GENE0451,275.3283,0.5846,0.0699053,0.831631,False
GENE0956,111.2874,0.9658,0.0699609,0.831631,False
GENE0758,179.4209,0.9234,0.0701477,0.831631,False
GENE0550,5015.4903,-0.9499,0.0726585,0.841451,False
GENE0979,249.9757,0.7200,0.0734443,0.841451,False
GENE1554,33.3920,0.9506,0.0736865,0.841451,False
GENE1244,51.3396,0.2216,0.0743033,0.841451,False
GENE1346,128.2706,-0.9333,0.0745056,0.841451,False
GENE1169,68.0654,0.8899,0.0746246,0.841451,False
GENE1498,140.3964,-0.8780,0.0746703,0.841451,False
GENE0661,5888.4258,0.1463,0.0748619,0.841451,False
GENE0592,43.3553,1.4674,0.0750508,0.841451,False
GENE1621,36.8008,-1.8779,0.0752517,0.841451,False
GENE0565,115.2732,1.5281,0.0767286,0.844797,False
GENE1911,54.1537,-0.7494,0.0772708,0.844797,False
GENE1317,372.1720,0.7697,0.0785933,0.844797,False
GENE1624,427.6118,-0.7950,0.0790816,0.844797,False
GENE0812,958.0324,-0.5762,0.0800485,0.844797,False
GENE1610,466.8657,0.8645,0.0806557,0.844797,False
GENE0681,1217.5884,-0.5011,0.0816518,0.844797,False
GENE0916,184.5982,-0.2819,0.0819343,0.844797,False
GENE1223,654.0801,-0.7963,0.0824089,0.844797,False
GENE1662,16.4214,-0.6519,0.0835736,0.844797,False
GENE0393,30.5480,0.8036,0.0841344,0.844797,False
GENE0241,81.9517,-0.5252,0.0842745,0.844797,False
GENE0041,935.4063,0.7461,0.0854306,0.844797,False
GENE0649,39.5755,0.7254,0.0857907,0.844797,False
GENE0308,188.0047,0.8880,0.0861614,0.844797,False
GENE1567,296.7580,-1.2549,0.0863269,0.844797,False
GENE1053,3115.5233,-0.6247,0.0868723,0.844797,False
GENE1433,16.1898,-0.5409,0.0875951,0.844797,False
GENE1607,62.0969,1.1581,0.0880661,0.844797,False
GENE1875,9807.8471,0.5195,0.0882462,0.844797,False
GENE0059,1211.8571,0.7997,0.0885976,0.844797,False
GENE0321,269.4261,0.6936,0.0888471,0.844797,False
GENE0542,2189.3797,-0.4505,0.088951,0.844797,False
GENE1495,183.2734,-0.3266,0.0898529,0.844797,False
GENE0420,449.1929,-0.4802,0.089944,0.844797,False
GENE1815,465.1254,0.8309,0.0900359,0.844797,False
GENE0825,41.1341,-0.8072,0.090061,0.844797,False
GENE1941,26.2171,-1.7053,0.0910368,0.844797,False
GENE0518,37.4032,-1.0242,0.0912896,0.844797,False
GENE0043,1023.1217,0.2476,0.0917641,0.844797,False
GENE1424,19.3019,-1.3963,0.0919868,0.844797,False
GENE0414,44.3072,0.6945,0.0921275,0.844797,False
GENE0891,234.0764,-0.9742,0.0921899,0.844797,False
GENE0878,44.1796,-1.1983,0.0923448,0.844797,False
GENE0745,1181.4151,0.5639,0.0923798,0.844797,False
GENE1963,207.7035,0.7506,0.0925129,0.844797,False
GENE0900,303.2448,-1.1227,0.0927151,0.844797,False
GENE1940,263.1220,0.8514,0.0935952,0.844797,False
GENE0235,2277.0261,0.6400,0.0938721,0.844797,False
GENE0507,1453.6623,-0.1703,0.0938958,0.844797,False
GENE1360,112.9970,-1.0506,0.0941296,0.844797,False
GENE1596,71.8711,-0.6153,0.0942143,0.844797,False
GENE0425,189.3912,-0.1901,0.0951342,0.844797,False
GENE1465,171.8488,0.3918,0.0957168,0.844797,False
GENE0330,115.0868,0.7865,0.0961569,0.844797,False
GENE1686,26.0919,-1.9659,0.0962474,0.844797,False
GENE0778,257.2152,1.4465,0.0967212,0.844797,False
GENE1704,106.0565,0.6563,0.0969934,0.844797,False
GENE1864,140.8703,0.6355,0.0970943,0.844797,False
GENE0593,66.7141,-0.6708,0.0973794,0.844797,False
GENE0430,197.3282,-0.9267,0.0990024,0.844797,False
GENE0584,321.9788,0.8329,0.0991087,0.844797,False
GENE1431,168.2407,-0.3244,0.0992366,0.844797,False
GENE0452,250.7634,-0.6634,0.0993595,0.844797,False
GENE1094,633.5473,-0.4030,0.0994601,0.844797,False
GENE0987,8.6054,-1.9715,0.0995899,0.844797,False
GENE0996,152.9793,-1.0756,0.101476,0.851784,False
GENE1517,23.5833,-1.5889,0.101584,0.851784,False
GENE0848,761.7166,0.3555,0.102003,0.851784,False
GENE0968,204.0269,-0.5120,0.102277,0.851784,False
GENE1153,625.6644,-1.0837,0.102601,0.851784,False
GENE0483,7.4527,1.2686,0.10301,0.851784,False
GENE0084,2146.5706,0.7764,0.103774,0.854509,False
GENE0919,123.8781,0.7074,0.104863,0.859881,False
GENE0665,79.7693,1.1745,0.106197,0.867199,False
GENE1066,8.3273,-2.6772,0.107579,0.873642,False
GENE0462,26.4163,-2.9401,0.107874,0.873642,False
GENE0969,14.0837,-1.5711,0.109018,0.875793,False
GENE0580,588.4275,0.8800,0.109765,0.875793,False
GENE0007,88.9341,1.1174,0.109894,0.875793,False
GENE1870,16.8878,1.8909,0.109947,0.875793,False
GENE1665,147.0160,0.7361,0.110364,0.875793,False
GENE1739,73.3360,0.5401,0.112375,0.880981,False
GENE1631,229.1433,-0.3188,0.112674,0.880981,False
GENE0284,152.5395,0.9124,0.112683,0.880981,False
GENE1747,368.9320,-0.7612,0.113865,0.880981,False
GENE0279,23.5537,-1.1923,0.114154,0.880981,False
GENE0819,176.6086,0.8725,0.114185,0.880981,False
GENE0428,24.9645,-2.4632,0.114728,0.880981,False
GENE1195,23.5561,0.7441,0.115051,0.880981,False
GENE0272,916.6259,0.4866,0.115355,0.880981,False
GENE1287,129.5959,1.0295,0.116157,0.880981,False
GENE0573,93.3388,0.8380,0.116191,0.880981,False
GENE1776,475.7446,-0.7366,0.116407,0.880981,False
GENE0941,12.3418,1.0966,0.117136,0.880981,False
GENE0882,26.0424,-0.8599,0.117647,0.880981,False
GENE0952,268.6677,0.5775,0.117733,0.880981,False
GENE1160,232.0465,0.5048,0.119204,0.888614,False
GENE0940,768.4193,-0.4492,0.119759,0.889377,False
GENE1664,506.5108,0.6689,0.121569,0.899362,False
GENE0132,196.3082,1.2931,0.123025,0.899362,False
GENE1229,60.1075,1.2743,0.123307,0.899362,False
GENE0938,335.5728,-0.6039,0.123384,0.899362,False
GENE0348,443.6546,-0.6578,0.123907,0.899362,False
GENE0504,121.1660,-1.0051,0.124658,0.899362,False
GENE1708,70.2947,-1.8285,0.125469,0.899362,False
GENE0613,67.7842,0.8417,0.126018,0.899362,False
GENE0296,1429.9789,0.4509,0.12613,0.899362,False
GENE1127,109.2377,1.5706,0.126835,0.899362,False
GENE0404,603.7823,1.1986,0.127412,0.899362,False
GENE0350,95.4062,0.5105,0.127876,0.899362,False
GENE1505,1049.2792,0.6968,0.128195,0.899362,False
GENE0793,1586.6869,-0.4676,0.129026,0.899362,False
GENE0482,44.3421,-0.8982,0.129695,0.899362,False
GENE0868,412.4164,0.5127,0.130001,0.899362,False
GENE1606,156.4787,0.9129,0.130287,0.899362,False
GENE0485,422.7404,-0.4500,0.130427,0.899362,False
GENE0211,61.0241,-0.5285,0.131703,0.899362,False
GENE0544,16.0900,-0.8859,0.133019,0.899362,False
GENE1106,273.3502,0.7357,0.133175,0.899362,False
GENE0288,203.7066,-0.5600,0.133513,0.899362,False
GENE0461,1186.3648,0.6295,0.133969,0.899362,False
GENE0894,9845.4660,-0.8111,0.134024,0.899362,False
GENE1566,1515.6284,0.4232,0.134031,0.899362,False
GENE0388,2711.8941,0.2297,0.135818,0.899362,False
GENE1070,2459.0260,-0.6002,0.136851,0.899362,False
GENE0548,1702.5689,-0.4438,0.138983,0.899362,False
GENE0566,694.5310,-0.5389,0.139806,0.899362,False
GENE1077,40.9980,1.5866,0.140668,0.899362,False
GENE0169,19632.6356,-0.5127,0.140764,0.899362,False
GENE0844,63.1799,0.8186,0.141274,0.899362,False
GENE1469,20.5518,0.9014,0.141804,0.899362,False
GENE1425,37.7220,-1.0604,0.14206,0.899362,False
GENE1954,56.2811,-0.7363,0.142129,0.899362,False
GENE0709,25.7664,-0.5840,0.142405,0.899362,False
GENE0541,1034.9429,-0.3522,0.143193,0.899362,False
GENE1876,1672.5857,0.5767,0.143211,0.899362,False
GENE0674,18.1904,1.0156,0.144588,0.899362,False
GENE1939,29.3933,-0.7171,0.145385,0.899362,False
GENE0976,883.9569,-0.7838,0.146385,0.899362,False
GENE0458,478.2606,0.7393,0.1469,0.899362,False
GENE1670,1116.6176,0.4937,0.147025,0.899362,False
GENE1867,1122.6164,-0.9316,0.147107,0.899362,False
GENE0207,99.9549,0.9708,0.147257,0.899362,False
GENE1026,82.8492,0.4186,0.147479,0.899362,False
GENE1362,476.0037,-0.3720,0.147598,0.899362,False
GENE1811,96.2204,0.5194,0.147901,0.899362,False
GENE0574,836.3980,-0.4961,0.147922,0.899362,False
GENE0577,249.2022,-0.6715,0.147978,0.899362,False
GENE1441,250.4001,0.5959,0.148069,0.899362,False
GENE1349,118.6232,0.4867,0.148367,0.899362,False
GENE0085,830.4079,-0.3352,0.148392,0.899362,False
GENE0817,168.7266,-0.6482,0.148546,0.899362,False
GENE0495,122.6582,0.7058,0.149932,0.899362,False
GENE1191,183.7247,-0.7500,0.149982,0.899362,False
GENE1165,1057.1299,0.6140,0.150059,0.899362,False
GENE0474,57.9378,0.7547,0.150212,0.899362,False
GENE0525,150.5087,0.5703,0.15036,0.899362,False
GENE1371,46.3361,-1.1585,0.151024,0.899362,False
GENE1038,537.9054,0.8119,0.151333,0.899362,False
GENE1024,503.3577,0.6022,0.15139,0.899362,False
GENE1338,61.3650,0.4989,0.151904,0.899362,False
GENE0394,104.6223,-0.9210,0.151933,0.899362,False
GENE1681,25.3075,-2.5412,0.151959,0.899362,False
GENE1795,281.7417,-0.3512,0.153932,0.899362,False
GENE0924,23.5993,0.8908,0.154066,0.899362,False
GENE0170,5051.0804,-0.6231,0.154309,0.899362,False
GENE0262,1916.5283,0.4391,0.154339,0.899362,False
GENE0746,128.8002,-0.7055,0.15443,0.899362,False
GENE0108,545.2061,-0.5101,0.155656,0.899362,False
GENE1982,279.2545,0.4189,0.155725,0.899362,False
GENE0666,16.9395,0.7930,0.156316,0.899362,False
GENE1197,9232.6399,0.7123,0.157008,0.899362,False
GENE0590,64.0322,0.6689,0.157253,0.899362,False
GENE1752,45.2248,0.5574,0.157816,0.899362,False
GENE1464,70.7022,-0.8024,0.15796,0.899362,False
GENE0663,161.1444,-0.3516,0.15817,0.899362,False
GENE1045,1652.6422,0.2231,0.158191,0.899362,False
GENE1074,373.1401,0.8886,0.159037,0.899362,False
GENE1073,6.9783,1.2278,0.159207,0.899362,False
GENE0411,112.4330,-0.4302,0.159409,0.899362,False
GENE0595,2717.4947,0.3273,0.159425,0.899362,False
GENE1983,106.7715,-0.7741,0.159759,0.899362,False
GENE1576,26.4453,1.4864,0.159948,0.899362,False
GENE1942,202.8230,0.3668,0.160913,0.90062,False
GENE0277,505.7591,0.5420,0.161086,0.90062,False
GENE1714,88.2360,0.7999,0.162544,0.906193,False
GENE0579,1091.5758,0.9688,0.165249,0.916689,False
GENE0871,96.9977,-0.6513,0.166658,0.916689,False
GENE1842,109.4485,-0.6171,0.167882,0.916689,False
GENE0165,85.3780,0.6979,0.168245,0.916689,False
GENE1079,245.5630,0.6273,0.168614,0.916689,False
GENE1444,59.0960,-0.6397,0.168991,0.916689,False
GENE0268,1216.9208,-0.3013,0.169061,0.916689,False
GENE0910,16.7335,-1.7786,0.169262,0.916689,False
GENE0422,711.0700,0.6091,0.170929,0.916689,False
GENE0628,452.0903,-0.8523,0.171351,0.916689,False
GENE0582,2466.9464,-0.3867,0.171979,0.916689,False
GENE0179,1833.8885,0.4195,0.172356,0.916689,False
GENE0521,68.9696,0.6217,0.172404,0.916689,False
GENE0629,99.1186,0.9003,0.172779,0.916689,False
GENE0134,112.8415,-1.1679,0.173777,0.916689,False
GENE0889,55.7223,-1.0912,0.173796,0.916689,False
GENE0409,2211.2124,0.5352,0.17382,0.916689,False
GENE1492,457.2617,-0.3878,0.174314,0.916689,False
GENE1027,563.8492,0.6465,0.174949,0.916689,False
GENE1327,584.1920,-0.3463,0.175787,0.916689,False
GENE0537,313.4467,0.5790,0.176122,0.916689,False
GENE0503,20.7877,0.8480,0.176247,0.916689,False
GENE1846,246.7901,0.5846,0.177058,0.916689,False
GENE1592,3193.4189,-0.2084,0.177633,0.916689,False
GENE0315,7.0888,0.5170,0.177777,0.916689,False
GENE1650,68.7907,-0.5617,0.177997,0.916689,False
GENE0874,173.1007,0.8457,0.179952,0.916689,False
GENE0794,176.0334,-0.7247,0.180116,0.916689,False
GENE1543,20.3466,-0.6920,0.180218,0.916689,False
GENE0369,403.7444,-0.5364,0.180255,0.916689,False
GENE0357,322.5616,1.4989,0.180493,0.916689,False
GENE0717,303.7995,-0.6365,0.180552,0.916689,False
GENE0892,33.2780,0.5653,0.181489,0.916689,False
GENE0017,22.4501,-1.5136,0.181575,0.916689,False
GENE0686,672.5311,0.5940,0.181827,0.916689,False
GENE1961,214.1799,-0.7569,0.181998,0.916689,False
GENE1394,610.2179,0.4970,0.182044,0.916689,False
GENE0762,985.3913,0.3257,0.182309,0.916689,False
GENE1148,110.6928,0.4862,0.183024,0.916689,False
GENE1146,716.3343,-0.4926,0.184032,0.916689,False
GENE0466,9.9039,-0.9083,0.184507,0.916689,False
GENE1857,763.4125,-0.6099,0.184619,0.916689,False
GENE0172,416.9286,-0.3617,0.184663,0.916689,False
GENE1312,1111.4809,-0.3558,0.184922,0.916689,False
GENE1140,16.1014,2.0286,0.185697,0.917575,False
GENE0953,25.4835,-0.6161,0.186033,0.917575,False
GENE1705,53.0395,1.0993,0.186567,0.917911,False
GENE0697,627.5125,0.7536,0.187662,0.920993,False
GENE0101,624.8362,0.3524,0.189773,0.924846,False
GENE1935,145.0572,-0.7218,0.189898,0.924846,False
GENE1409,618.4269,-0.9262,0.190316,0.924846,False
GENE1429,67.8065,-0.8446,0.190327,0.924846,False
GENE1773,3810.8565,0.4659,0.19122,0.925022,False
GENE0075,14.4968,-0.5739,0.191427,0.925022,False
GENE1538,762.8718,-0.2684,0.192708,0.925022,False
GENE1032,69.8607,0.3264,0.193067,0.925022,False
GENE1819,227.1418,0.5026,0.193139,0.925022,False
GENE0408,595.5155,-0.6142,0.194984,0.925022,False
GENE1602,213.5167,0.7226,0.19559,0.925022,False
GENE0352,64.3178,-0.8626,0.196404,0.925022,False
GENE0588,431.7789,0.4960,0.196567,0.925022,False
GENE1818,300.5471,0.4556,0.19721,0.925022,False
GENE0939,354.3688,0.3590,0.198021,0.925022,False
GENE0260,699.9523,0.6255,0.198704,0.925022,False
GENE0213,664.8739,-0.5313,0.199622,0.925022,False
GENE1744,221.0072,0.1485,0.200781,0.925022,False
GENE0383,405.9277,-0.9643,0.201516,0.925022,False
GENE0822,80.7159,0.7610,0.202961,0.925022,False
GENE1523,111.8737,-0.3591,0.203411,0.925022,False
GENE1677,210.0637,-0.3380,0.204638,0.925022,False
GENE0192,26.4441,1.0710,0.204884,0.925022,False
GENE0011,4305.8314,-0.3336,0.204894,0.925022,False
GENE1512,70.0409,0.7751,0.204986,0.925022,False
GENE0881,1711.3807,0.2570,0.205422,0.925022,False
GENE1548,239.4030,0.5126,0.205649,0.925022,False
GENE0140,35.9897,0.9745,0.20573,0.925022,False
GENE0957,26.3215,-0.6533,0.207265,0.925022,False
GENE0386,187.1924,-0.6981,0.207277,0.925022,False
GENE0203,27.5974,-0.5038,0.207925,0.925022,False
GENE0319,178.8325,-0.6843,0.208313,0.925022,False
GENE1922,386.4060,-0.9431,0.208882,0.925022,False
GENE0238,810.7463,0.3495,0.209018,0.925022,False
GENE1105,762.2036,-0.5340,0.209477,0.925022,False
GENE0586,107.2125,-0.2802,0.209978,0.925022,False
GENE1454,138.7876,-0.8408,0.210191,0.925022,False
GENE0197,38.3649,0.7586,0.210195,0.925022,False
GENE1898,219.9818,-0.3689,0.210662,0.925022,False
GENE1459,1424.3469,-0.3623,0.211269,0.925022,False
GENE0704,53.8863,0.7209,0.213446,0.925022,False
GENE1962,26.8281,-1.0897,0.213623,0.925022,False
GENE1151,49.5207,0.9175,0.213817,0.925022,False
GENE1302,724.2194,0.4164,0.213834,0.925022,False
GENE1019,72.0131,-0.9721,0.214017,0.925022,False
GENE1284,61.0631,-0.6685,0.214098,0.925022,False
GENE1999,2424.9552,0.3773,0.214239,0.925022,False
GENE1835,18.6080,-2.5142,0.214255,0.925022,False
GENE1690,176.6226,0.6360,0.214302,0.925022,False
GENE0002,169.7161,-0.9622,0.214926,0.925022,False
GENE0116,6.9483,1.2183,0.215343,0.925022,False
GENE0973,1323.2710,-0.3116,0.216302,0.925022,False
GENE1329,297.1903,-0.4446,0.216527,0.925022,False
GENE0549,29.8378,1.9674,0.216562,0.925022,False
GENE1391,713.6718,0.4494,0.216797,0.925022,False
GENE0606,6.3968,-2.2855,0.216797,0.925022,False
GENE0189,1083.8574,0.5620,0.216949,0.925022,False
GENE1463,675.7177,-0.5633,0.216988,0.925022,False
GENE0702,115.7571,-0.7871,0.217218,0.925022,False
GENE0761,81.0024,-0.5750,0.218163,0.925022,False
GENE1649,310.9049,0.4829,0.219302,0.925022,False
GENE1407,119.0453,-0.2931,0.219321,0.925022,False
GENE0054,327.0124,-0.7276,0.219725,0.925022,False
GENE0440,1374.6679,-0.5356,0.219804,0.925022,False
GENE0063,146.9786,0.3515,0.219981,0.925022,False
GENE1937,2496.8336,-0.1561,0.220247,0.925022,False
GENE0739,2320.1293,-0.5844,0.220369,0.925022,False
GENE1470,51.2902,2.2067,0.220445,0.925022,False
GENE1432,458.5387,-0.3450,0.221765,0.928583,False
GENE1917,114.9438,-0.6919,0.222721,0.930112,False
GENE0180,303.5346,0.4566,0.223404,0.930112,False
GENE1880,1490.0984,-0.5683,0.223548,0.930112,False
GENE0718,27.7499,1.5330,0.224046,0.930217,False
GENE1829,26.4341,1.2174,0.225054,0.930954,False
GENE1985,40.0819,0.3070,0.225859,0.930954,False
GENE0367,197.1644,-0.8395,0.226189,0.930954,False
GENE1684,92.4709,0.7835,0.226518,0.930954,False
GENE1529,1178.0358,-0.1593,0.226589,0.930954,False
GENE0449,105.1467,0.7397,0.227476,0.93265,False
GENE0877,90.0901,-0.8101,0.22905,0.933096,False
GENE1219,86.6455,-0.3147,0.229141,0.933096,False
GENE0191,2902.1270,-0.4362,0.229246,0.933096,False
GENE0304,53.8139,1.0718,0.230581,0.933096,False
GENE1455,60.2391,1.1239,0.230601,0.933096,False
GENE1929,569.5628,0.1555,0.230937,0.933096,False
GENE0083,325.9087,0.5492,0.231366,0.933096,False
GENE0785,101.3632,0.6854,0.231377,0.933096,False
GENE1128,411.4064,-0.4242,0.232429,0.934888,False
GENE1789,208.6624,-0.8713,0.232898,0.934888,False
GENE0363,200.7952,-0.7333,0.233247,0.934888,False
GENE0249,315.1056,0.8775,0.234457,0.93695,False
GENE1257,48.9414,-0.8917,0.234714,0.93695,False
GENE0753,12.5513,-0.5801,0.236776,0.941447,False
GENE1231,116.3345,0.0761,0.236797,0.941447,False
GENE0788,19.4189,-1.0654,0.237554,0.942551,False
GENE0397,481.5408,-0.5509,0.239097,0.94575,False
GENE1557,356.1694,-0.4690,0.240279,0.94575,False
GENE1123,92.2445,-0.4423,0.240521,0.94575,False
GENE1393,61.7114,-0.6493,0.241235,0.94575,False
GENE0967,370.9163,-0.8115,0.241459,0.94575,False
GENE1397,224.0380,-0.4449,0.241793,0.94575,False
GENE1945,266.6648,-0.5427,0.242838,0.94575,False
GENE1109,1242.7407,-0.3445,0.242915,0.94575,False
GENE1168,2240.5743,-0.3775,0.242974,0.94575,False
GENE0464,207.0581,0.4844,0.244966,0.94575,False
GENE1131,94.3979,0.8463,0.245066,0.94575,False
GENE0335,1066.4364,0.5113,0.245256,0.94575,False
GENE1645,63.1262,-1.2385,0.245269,0.94575,False
GENE0324,123.4231,-0.7652,0.245805,0.94575,False
GENE0971,289.1762,0.5763,0.246814,0.94575,False
GENE1400,13.3301,-1.7525,0.247196,0.94575,False
GENE1075,432.5798,-0.4491,0.247465,0.94575,False
GENE1090,25.7235,-0.7683,0.247796,0.94575,False
GENE1048,4094.8214,0.2674,0.24783,0.94575,False
GENE0695,39.7399,1.1734,0.248413,0.94575,False
GENE1271,449.6095,-0.1879,0.24994,0.94575,False
GENE1367,49.9856,0.6009,0.250107,0.94575,False
GENE1496,250.4504,-0.5016,0.250172,0.94575,False
GENE0470,30.1810,1.4715,0.25091,0.94575,False
GENE1711,1249.4382,-0.5117,0.251051,0.94575,False
GENE1984,261.9031,0.5620,0.251063,0.94575,False
GENE1264,189.6917,-0.1769,0.251395,0.94575,False
GENE0376,1043.3780,-0.3894,0.251816,0.94575,False
GENE0380,270.9725,0.4143,0.252707,0.94729,False
GENE0478,498.5397,-0.6704,0.254651,0.951632,False
GENE0216,74.1671,-0.9689,0.254832,0.951632,False
GENE1925,50.8402,-0.8586,0.256063,0.952077,False
GENE1375,199.1693,-0.2731,0.256199,0.952077,False
GENE1093,322.3513,-0.5801,0.256861,0.952077,False
GENE1479,153.0154,-0.4751,0.257075,0.952077,False
GENE1323,1351.0885,-0.4552,0.258524,0.952077,False
GENE1821,164.1257,0.6300,0.259084,0.952077,False
GENE1850,142.8740,-0.2506,0.259466,0.952077,False
GENE1562,397.6640,0.6755,0.259865,0.952077,False
GENE0093,60.1447,0.7826,0.260015,0.952077,False
GENE0980,15.4461,-2.3232,0.260148,0.952077,False
GENE0473,101.7710,-0.4099,0.260681,0.952077,False
GENE0365,95.2480,0.8021,0.260884,0.952077,False
GENE1412,636.7670,0.7491,0.261241,0.952077,False
GENE1530,41.5861,-0.4399,0.262928,0.954348,False
GENE1119,17.7421,-0.5205,0.264696,0.954348,False
GENE0271,92.4463,0.7068,0.264759,0.954348,False
GENE0012,52.8054,-0.2059,0.264873,0.954348,False
GENE0368,53.0382,-0.7032,0.265432,0.954348,False
GENE0862,957.3679,0.5325,0.265669,0.954348,False
GENE0538,1278.5388,0.6963,0.266609,0.954348,False
GENE1855,6906.4929,0.5703,0.266948,0.954348,False
GENE1388,965.7609,-0.2493,0.267096,0.954348,False
GENE0554,861.9232,0.5331,0.267472,0.954348,False
GENE0869,151.4117,-0.7220,0.267692,0.954348,False
GENE1413,194.0089,0.3750,0.267872,0.954348,False
GENE0061,582.1561,-0.6765,0.268168,0.954348,False
GENE1879,752.2721,-0.2795,0.26933,0.955517,False
GENE1240,47.4601,-0.8999,0.269467,0.955517,False
GENE1947,7.5924,-1.0959,0.270014,0.955733,False
GENE0102,99.8270,-0.9747,0.272303,0.95809,False
GENE0115,479.2958,-0.4343,0.272312,0.95809,False
GENE1006,484.3243,-0.3998,0.272891,0.95809,False
GENE0855,3363.4459,-0.5115,0.272922,0.95809,False
GENE1577,52.2770,-0.9763,0.273325,0.95809,False
GENE1283,358.4086,-0.5650,0.273917,0.95809,False
GENE1149,1020.7789,-0.3955,0.275063,0.95809,False
GENE1646,566.9010,-0.3652,0.276078,0.95809,False
GENE0713,160.6270,-0.5315,0.276725,0.95809,False
GENE0694,28.6055,1.4160,0.277301,0.95809,False
GENE1267,27.6312,0.7828,0.277806,0.95809,False
GENE1700,295.9226,0.4240,0.278034,0.95809,False
GENE0373,279.2773,0.6804,0.278719,0.95809,False
GENE1337,27.5345,1.3643,0.279907,0.95809,False
GENE1208,3468.3323,0.2729,0.280805,0.95809,False
GENE0051,9374.2462,0.4475,0.281141,0.95809,False
GENE0690,1131.2848,-0.5637,0.281239,0.95809,False
GENE0811,588.5458,-0.4833,0.281708,0.95809,False
GENE0036,17.0745,0.6754,0.282486,0.95809,False
GENE1828,89.3001,-0.1288,0.284073,0.95809,False
GENE1249,145.3448,0.3825,0.284838,0.95809,False
GENE0270,64.2110,-0.7591,0.284921,0.95809,False
GENE1164,24.4907,-0.5277,0.284984,0.95809,False
GENE0046,150.0787,-0.6559,0.285187,0.95809,False
GENE0691,2928.7021,0.2608,0.285216,0.95809,False
GENE0214,57.4506,-0.8962,0.285226,0.95809,False
GENE1750,633.4002,-0.6337,0.286621,0.95809,False
GENE0340,36.0621,0.8606,0.287607,0.95809,False
GENE1466,1211.6950,0.2502,0.288278,0.95809,False
GENE1568,336.5028,-0.5843,0.288548,0.95809,False
GENE0429,225.5675,-0.3661,0.289035,0.95809,False
GENE0671,579.3792,0.2296,0.289418,0.95809,False
GENE1546,1258.6950,0.2966,0.289687,0.95809,False
GENE1657,174.4850,-0.4036,0.289714,0.95809,False
GENE0642,58.4755,1.2426,0.291082,0.95809,False
GENE1300,198.6732,0.2503,0.291716,0.95809,False
GENE1780,47.2415,0.6024,0.291931,0.95809,False
GENE0856,10.0910,-0.7711,0.29206,0.95809,False
GENE0992,2357.3164,0.2306,0.292062,0.95809,False
GENE1522,155.2048,-0.4282,0.292544,0.95809,False
GENE1137,205.3200,0.8186,0.292897,0.95809,False
GENE1255,618.8524,-0.2538,0.293193,0.95809,False
GENE0836,805.5436,0.2999,0.294015,0.95809,False
GENE0621,26.2643,0.5618,0.294732,0.95809,False
GENE0130,501.3519,-0.3748,0.295088,0.95809,False
GENE1713,88.8137,-0.4275,0.295807,0.95809,False
GENE1683,173.1887,-0.7936,0.295852,0.95809,False
GENE1540,556.9248,-0.5293,0.295904,0.95809,False
GENE0469,8450.8397,0.2308,0.297274,0.95809,False
GENE1823,358.4698,-0.2934,0.297292,0.95809,False
GENE0955,80.7044,-0.2692,0.298082,0.95809,False
GENE0274,75.1085,-0.9673,0.299831,0.95809,False
GENE0355,114.6735,0.4626,0.300442,0.95809,False
GENE0677,154.8383,-0.9809,0.300616,0.95809,False
GENE1900,49.2381,0.8431,0.301465,0.95809,False
GENE1573,3007.8520,0.3167,0.302676,0.95809,False
GENE1013,86.6312,0.8716,0.302744,0.95809,False
GENE1733,3981.1308,-0.3543,0.303191,0.95809,False
GENE0016,165.1058,-0.3497,0.303309,0.95809,False
GENE1697,53.4554,0.9132,0.303363,0.95809,False
GENE1366,38.5266,-1.3488,0.30351,0.95809,False
GENE0948,425.1064,-0.6741,0.303759,0.95809,False
GENE1738,55.7081,-0.8816,0.304131,0.95809,False
GENE0031,203.8348,-0.3493,0.304356,0.95809,False
GENE0291,44.4423,0.8819,0.304401,0.95809,False
GENE1419,297.8175,-0.5824,0.304571,0.95809,False
GENE0248,45.4300,-0.8591,0.305101,0.95809,False
GENE1673,39.6459,-0.8249,0.305438,0.95809,False
GENE0563,887.1213,-0.4610,0.305864,0.95809,False
GENE0568,90.1907,-0.7848,0.305879,0.95809,False
GENE0136,363.5855,0.4390,0.306109,0.95809,False
GENE0770,2352.9049,0.3121,0.306296,0.95809,False
GENE1856,191.9781,0.6490,0.307535,0.95809,False
GENE1787,1190.5038,-0.2727,0.308654,0.95809,False
GENE0562,376.7185,0.5261,0.308855,0.95809,False
GENE0559,3649.9821,0.3257,0.309408,0.95809,False
GENE1211,1416.3097,-0.5761,0.309609,0.95809,False
GENE1451,3054.9550,0.4348,0.311262,0.95809,False
GENE0614,148.6057,-0.4779,0.313822,0.95809,False
GENE1790,145.2618,0.6292,0.313847,0.95809,False
GENE1368,156.3675,-1.1385,0.313875,0.95809,False
GENE0860,1557.0321,-0.5381,0.314233,0.95809,False
GENE1891,996.0450,0.4666,0.314854,0.95809,False
GENE0945,3546.5208,-0.6535,0.315672,0.95809,False
GENE0731,89.0376,0.4216,0.316727,0.95809,False
GENE0984,55.2972,0.3791,0.31725,0.95809,False
GENE1720,319.6951,-0.5271,0.318244,0.95809,False
GENE0476,1611.9805,-0.4083,0.318502,0.95809,False
GENE1816,1558.0901,0.2915,0.319742,0.95809,False
GENE0752,406.3076,-0.4670,0.319933,0.95809,False
GENE1124,563.9432,-0.4324,0.320477,0.95809,False
GENE0863,114.9143,0.5789,0.320585,0.95809,False
GENE1521,35.3663,0.6837,0.320836,0.95809,False
GENE1569,184.0374,-0.5080,0.320887,0.95809,False
GENE1314,139.4834,-0.3378,0.322599,0.95809,False
GENE0615,145.4065,-0.8170,0.323137,0.95809,False
GENE1358,153.6239,0.7371,0.323361,0.95809,False
GENE0638,5525.1340,0.2592,0.323509,0.95809,False
GENE0487,81.5957,0.7091,0.323732,0.95809,False
GENE0346,31.2996,-1.0252,0.323819,0.95809,False
GENE1226,32.5579,-1.2430,0.323842,0.95809,False
GENE1382,25.1532,-0.3580,0.323873,0.95809,False
GENE1369,149.0891,-0.4699,0.323998,0.95809,False
GENE1765,183.0779,-0.5963,0.324636,0.95809,False
GENE0864,52.8337,0.5172,0.326443,0.95809,False
GENE0583,219.7106,0.4787,0.327217,0.95809,False
GENE0818,856.1712,0.2585,0.327882,0.95809,False
GENE0278,1145.6744,-0.8809,0.327979,0.95809,False
GENE0880,136.2882,0.5445,0.328229,0.95809,False
GENE1625,87.4897,-0.8261,0.328472,0.95809,False
GENE1767,431.8119,0.4844,0.328951,0.95809,False
GENE1001,324.7190,-0.2617,0.328958,0.95809,False
GENE0602,11.0666,0.4053,0.329097,0.95809,False
GENE0675,86.5694,-0.5752,0.329367,0.95809,False
GENE1275,69.2456,0.6575,0.329602,0.95809,False
GENE0789,32.9866,-0.3951,0.330029,0.95809,False
GENE0887,138.1521,-0.3868,0.330243,0.95809,False
GENE0290,47.9948,-0.5841,0.330514,0.95809,False
GENE1332,14.5117,-0.4069,0.33091,0.95809,False
GENE0453,95.7177,-0.2980,0.331683,0.95809,False
GENE0526,178.9976,0.5410,0.331702,0.95809,False
GENE0133,62.7506,0.8839,0.332471,0.95809,False
GENE1008,216.2915,-0.4361,0.332528,0.95809,False
GENE0843,10.1298,0.7292,0.332737,0.95809,False
GENE1307,276.8308,-0.7172,0.332812,0.95809,False
GENE1918,143.2915,-0.6444,0.333011,0.95809,False
GENE1964,34.9083,-0.6159,0.333273,0.95809,False
GENE1781,1418.7158,-0.2940,0.333574,0.95809,False
GENE1612,428.5204,-0.5751,0.334396,0.95809,False
GENE1258,143.1073,0.3996,0.335059,0.95809,False
GENE0514,155.2454,-0.3694,0.335092,0.95809,False
GENE0396,707.0288,-0.5664,0.335285,0.95809,False
GENE0523,2373.5715,0.3277,0.335429,0.95809,False
GENE0653,238.2328,-0.5068,0.335987,0.958294,False
GENE0867,34.8115,0.3312,0.336924,0.95878,False
GENE1791,695.1821,0.5271,0.338129,0.95878,False
GENE0771,748.9262,-0.3898,0.338297,0.95878,False
GENE0899,124.4409,-1.1673,0.338897,0.95878,False
GENE0148,166.4281,-0.5289,0.338924,0.95878,False
GENE1321,2150.7116,0.5708,0.339081,0.95878,False
GENE1729,282.4041,0.3811,0.339642,0.958975,False
GENE0893,174.9278,-0.4067,0.340671,0.958975,False
GENE0156,15.1236,-1.6233,0.340754,0.958975,False
GENE1614,127.9748,-0.2076,0.341648,0.958975,False
GENE1735,124.1450,-0.5014,0.341978,0.958975,False
GENE0078,27.9664,-0.7729,0.342392,0.958975,False
GENE0176,28.9219,0.4757,0.344412,0.958975,False
GENE1221,25.2844,0.4587,0.344618,0.958975,False
GENE0152,43.8590,-0.8422,0.344743,0.958975,False
GENE0658,11.5661,0.9155,0.344783,0.958975,False
GENE0720,15.3780,1.0716,0.344854,0.958975,False
GENE0851,296.3481,-0.3012,0.345048,0.958975,False
GENE1462,237.1289,0.1714,0.345959,0.958975,False
GENE1895,28.5473,-0.8475,0.345972,0.958975,False
GENE1405,29.6053,-0.4764,0.347031,0.96056,False
GENE0988,38.7764,-0.4462,0.34792,0.960756,False
GENE1555,226.4943,0.8639,0.348363,0.960756,False
GENE1125,317.5551,-0.4186,0.348567,0.960756,False
GENE1355,5.1214,-0.8038,0.350807,0.965579,False
GENE0651,104.1885,0.5549,0.351619,0.966462,False
GENE0155,226.8217,0.4327,0.352206,0.966725,False
GENE0106,120.0436,0.6030,0.352801,0.966855,False
GENE1331,7051.1618,-0.2704,0.353236,0.966855,False
GENE1539,79.4000,0.6376,0.354447,0.967583,False
GENE1924,65.8152,-0.3112,0.354583,0.967583,False
GENE0105,1885.2933,0.3806,0.354977,0.967583,False
GENE1499,190.7557,-0.5270,0.356265,0.969749,False
GENE1572,33.2038,0.7521,0.357522,0.970024,False
GENE1603,846.0339,-0.1772,0.358074,0.970024,False
GENE0460,123.7762,-0.6449,0.359271,0.970024,False
GENE0263,128.6253,0.6274,0.360077,0.970024,False
GENE0336,137.8093,-0.8912,0.361314,0.970024,False
GENE1422,19.5473,-1.0206,0.361389,0.970024,False
GENE1928,7789.4519,0.1997,0.361521,0.970024,False
GENE1289,14.5352,-0.5195,0.361533,0.970024,False
GENE1728,300.8150,0.5319,0.361851,0.970024,False
GENE1348,18.1964,-0.7265,0.362134,0.970024,False
GENE1502,64.5002,0.2826,0.362697,0.970024,False
GENE0933,255.4739,-0.8262,0.36445,0.970024,False
GENE0608,1032.4317,0.4157,0.364787,0.970024,False
GENE1222,1049.5124,0.6217,0.365431,0.970024,False
GENE0977,17.0430,0.7908,0.365653,0.970024,False
GENE1046,867.6174,-0.3913,0.365811,0.970024,False
GENE0045,102.1692,-0.5399,0.368153,0.970024,False
GENE0834,1881.2862,0.1315,0.368273,0.970024,False
GENE0853,203.8828,0.2904,0.368296,0.970024,False
GENE0781,2480.1336,0.3638,0.368385,0.970024,False
GENE1449,28.1155,-0.7479,0.368455,0.970024,False
GENE1755,80.6823,0.9060,0.368618,0.970024,False
GENE1731,492.2739,0.6786,0.36962,0.970024,False
GENE0883,90.6438,0.4550,0.370264,0.970024,False
GENE0144,2600.7444,-0.4088,0.370489,0.970024,False
GENE1616,216.5010,-0.2698,0.37116,0.970024,False
GENE1882,144.4996,-0.3770,0.371517,0.970024,False
GENE1600,611.7184,0.3758,0.371649,0.970024,False
GENE0457,123.2792,0.8825,0.372365,0.970024,False
GENE0830,204.5223,0.4187,0.372962,0.970024,False
GENE0519,156.2042,0.1231,0.373211,0.970024,False
GENE0904,82.7302,-0.5907,0.373574,0.970024,False
GENE1630,69.2615,-0.6015,0.373831,0.970024,False
GENE0104,67.9436,0.8160,0.37397,0.970024,False
GENE0783,9.1757,0.6152,0.374079,0.970024,False
GENE1640,117.2910,-0.3749,0.374529,0.970024,False
GENE1996,55.1489,0.6931,0.375446,0.970024,False
GENE1460,37.8844,-0.7082,0.375635,0.970024,False
GENE0281,158.2955,0.2986,0.37684,0.970024,False
GENE1299,100.8481,-0.4902,0.377291,0.970024,False
GENE0219,56.9096,0.4485,0.377598,0.970024,False
GENE1235,455.5349,0.4806,0.378205,0.970024,False
GENE0775,179.0422,0.2592,0.378304,0.970024,False
GENE1785,13.2624,0.9794,0.378414,0.970024,False
GENE1104,153.6913,0.1599,0.378546,0.970024,False
GENE0528,16.4852,-0.8543,0.37921,0.970463,False
GENE1383,55.3991,-0.5595,0.379816,0.97075,False
GENE0850,7.5110,-0.6858,0.38408,0.973847,False
GENE1509,12.5308,-1.0286,0.384703,0.973847,False
GENE1715,360.9089,0.4911,0.384745,0.973847,False
GENE1103,278.6978,0.3430,0.384802,0.973847,False
GENE0786,1080.0874,-0.5570,0.38486,0.973847,False
GENE0123,58.0495,-0.4322,0.385286,0.973847,False
GENE0679,249.7897,-0.5177,0.385411,0.973847,False
GENE0737,1527.7712,0.3242,0.386499,0.973847,False
GENE1020,9.2313,-0.6267,0.386623,0.973847,False
GENE0964,916.6480,0.2547,0.38703,0.973847,False
GENE0486,39.4930,-0.6323,0.387335,0.973847,False
GENE0258,395.0540,-0.3635,0.388078,0.973847,False
GENE1803,5.2767,0.5276,0.388833,0.973847,False
GENE0125,427.3868,0.4228,0.389082,0.973847,False
GENE0111,818.4586,0.3961,0.389086,0.973847,False
GENE0193,29.9135,0.8121,0.389365,0.973847,False
GENE0432,55.4159,0.4993,0.38944,0.973847,False
GENE0028,24.3285,1.6763,0.390027,0.974078,False
GENE1796,194.1772,-0.3446,0.391185,0.974645,False
GENE1956,98.2119,0.8890,0.391799,0.974645,False
GENE0870,340.3915,-0.5026,0.392475,0.974645,False
GENE0707,76.7723,0.7212,0.392657,0.974645,False
GENE1642,460.5650,-0.6512,0.393165,0.974645,False
GENE1210,40.2242,0.2667,0.393226,0.974645,False
GENE1435,687.2152,0.6920,0.394311,0.976106,False
GENE0362,460.4626,-0.5132,0.395045,0.976389,False
GENE0536,994.2952,0.2399,0.395838,0.976389,False
GENE0784,15.3772,-0.8065,0.396691,0.976389,False
GENE1082,113.8732,-0.2583,0.396987,0.976389,False
GENE1485,4888.5234,0.2421,0.397997,0.976389,False
GENE0810,81.3753,0.5305,0.39838,0.976389,False
GENE1889,3419.8047,0.2883,0.399869,0.976389,False
GENE0668,86.6912,-0.6805,0.400013,0.976389,False
GENE1719,229.2761,-0.4583,0.400392,0.976389,False
GENE0972,84.3870,0.2067,0.401072,0.976389,False
GENE0377,1105.7662,-0.2241,0.401737,0.976389,False
GENE0926,54.4647,0.5473,0.401915,0.976389,False
GENE0164,211.3678,0.7456,0.402407,0.976389,False
GENE1688,544.9312,0.5199,0.402566,0.976389,False
GENE0433,246.5720,-0.8680,0.402643,0.976389,False
GENE1740,206.2887,0.1364,0.402724,0.976389,False
GENE1966,199.7642,-0.5127,0.40286,0.976389,False
GENE0182,34.4283,0.5363,0.404343,0.977443,False
GENE0349,261.5985,-0.4373,0.404676,0.977443,False
GENE0837,168.1873,0.4320,0.404925,0.977443,False
GENE0088,88.6215,0.8580,0.405281,0.977443,False
GENE1667,2402.5477,-0.3587,0.40714,0.97845,False
GENE0379,1259.0450,0.3171,0.407723,0.97845,False
GENE1297,10.6768,1.3792,0.408394,0.97845,False
GENE1951,394.3756,0.2983,0.409699,0.97845,False
GENE1374,175.9471,0.4749,0.410819,0.97845,False
GENE1193,332.0156,0.2830,0.411339,0.97845,False
GENE1887,32.7444,0.4889,0.413024,0.97845,False
GENE1653,63.1960,0.8814,0.415909,0.97845,False
GENE1256,7.4177,-0.8303,0.416325,0.97845,False
GENE1475,7617.8957,-0.2869,0.416853,0.97845,False
GENE0517,232.2520,-0.1753,0.417885,0.97845,False
GENE1410,456.7280,-0.4790,0.4179,0.97845,False
GENE1901,142.5577,0.5563,0.418065,0.97845,False
GENE1493,91.7711,-0.5716,0.418512,0.97845,False
GENE1232,331.5489,0.4158,0.419261,0.97845,False
GENE1800,87.0552,-0.4906,0.420566,0.97845,False
GENE0669,355.6510,0.4697,0.420709,0.97845,False
GENE0662,423.5159,0.2467,0.422152,0.97845,False
GENE1806,233.8678,0.3322,0.422186,0.97845,False
GENE1063,57.4424,-0.9001,0.422328,0.97845,False
GENE0020,181.5086,0.6021,0.423547,0.97845,False
GENE0685,303.1676,-0.3575,0.423613,0.97845,False
GENE0064,219.9930,0.5110,0.424406,0.97845,False
GENE1448,212.6507,-0.9866,0.424603,0.97845,False
GENE1236,1804.4452,-0.3160,0.425031,0.97845,False
GENE1248,61.9368,0.2167,0.425207,0.97845,False
GENE0202,297.0369,0.3156,0.425386,0.97845,False
GENE0479,33.1972,0.5256,0.425581,0.97845,False
GENE1820,22.7891,0.9769,0.425683,0.97845,False
GENE1276,2364.7142,0.3159,0.426,0.97845,False
GENE0597,219.8131,0.3691,0.426995,0.97845,False
GENE1203,213.0148,-0.3094,0.427117,0.97845,False
GENE1150,250.4430,-0.3771,0.42759,0.97845,False
GENE0816,121.0521,-0.6712,0.428055,0.97845,False
GENE1758,15.8779,0.3070,0.429669,0.97845,False
GENE1068,508.3131,0.4606,0.429702,0.97845,False
GENE1034,64.1751,-0.6554,0.429982,0.97845,False
GENE1145,90.1621,-0.2767,0.430633,0.97845,False
GENE0845,280.4301,-0.3971,0.431414,0.97845,False
GENE0153,875.5034,-0.3732,0.432703,0.97845,False
GENE0719,23.2079,-1.1719,0.43339,0.97845,False
GENE0501,321.9880,0.7770,0.433688,0.97845,False
GENE0557,3499.8102,0.2810,0.435217,0.97845,False
GENE0700,7408.5079,0.2761,0.435218,0.97845,False
GENE0591,13.5193,-1.0527,0.435535,0.97845,False
GENE0903,1250.4848,-0.6633,0.435597,0.97845,False
GENE1170,229.5339,-0.2651,0.435605,0.97845,False
GENE0206,70.0155,-0.3270,0.437301,0.97845,False
GENE1511,798.1813,0.1509,0.437842,0.97845,False
GENE0823,28.6908,0.4313,0.438019,0.97845,False
GENE0282,651.3219,0.4224,0.438341,0.97845,False
GENE0611,33.1902,-0.8469,0.439251,0.97845,False
GENE1944,216.5920,-0.3286,0.439275,0.97845,False
GENE0435,634.3868,0.3804,0.439909,0.97845,False
GENE0089,109.7285,0.3713,0.440081,0.97845,False
GENE0733,493.2507,0.1442,0.4401,0.97845,False
GENE1717,4460.0847,0.2209,0.440115,0.97845,False
GENE1953,68.9123,-0.3518,0.440605,0.97845,False
GENE0960,1963.2707,-0.3075,0.440717,0.97845,False
GENE1042,3531.5791,-0.4206,0.441342,0.97845,False
GENE0067,43.9491,0.6559,0.442795,0.97845,False
GENE0138,124.1658,0.6820,0.443669,0.97845,False
GENE1443,1019.8252,-0.6872,0.443894,0.97845,False
GENE0831,1027.2146,0.2355,0.444142,0.97845,False
GENE0689,682.6290,0.1710,0.444277,0.97845,False
GENE0398,635.7886,-0.2160,0.444599,0.97845,False
GENE0714,4039.9497,-0.4200,0.446016,0.97845,False
GENE0412,20.8954,-0.7034,0.446338,0.97845,False
GENE0531,141.7097,-0.2958,0.447028,0.97845,False
GENE1527,25.2063,-0.8998,0.447124,0.97845,False
GENE1916,13.4944,1.3264,0.447267,0.97845,False
GENE0091,74.4826,-0.4494,0.447745,0.97845,False
GENE0966,1751.2034,-0.2372,0.44827,0.97845,False
GENE0385,58.3781,-0.6338,0.44875,0.97845,False
GENE0353,65.9458,0.1306,0.448976,0.97845,False
GENE0985,90.2012,-0.5697,0.449844,0.97845,False
GENE1353,403.5200,0.3773,0.450194,0.97845,False
GENE1724,99.8820,-0.4516,0.450333,0.97845,False
GENE0171,719.8970,-0.2175,0.450599,0.97845,False
GENE1754,316.5258,0.2648,0.450734,0.97845,False
GENE1710,209.0960,0.2989,0.450749,0.97845,False
GENE1453,731.8069,0.3509,0.451506,0.97845,False
GENE0724,16.6136,-0.7351,0.452581,0.97845,False
GENE1118,22.3166,-0.6673,0.452734,0.97845,False
GENE0866,43.0098,-1.0122,0.453907,0.97845,False
GENE0625,84.2456,-0.4277,0.454342,0.97845,False
GENE1472,114.1989,0.6718,0.454692,0.97845,False
GENE1884,642.9224,-0.4005,0.455726,0.97845,False
GENE1028,402.8914,-0.3645,0.456171,0.97845,False
GENE0632,269.2799,-0.4575,0.456262,0.97845,False
GENE0502,38.8179,0.3649,0.456682,0.97845,False
GENE0934,368.3625,-0.4319,0.45691,0.97845,False
GENE0730,957.1584,0.2929,0.457456,0.97845,False
GENE1892,558.8762,-0.1920,0.457588,0.97845,False
GENE1378,899.8825,-0.3783,0.457639,0.97845,False
GENE1774,37.6266,-1.0739,0.457739,0.97845,False
GENE0384,293.9690,0.4427,0.458106,0.97845,False
GENE0024,187.7218,0.3655,0.458142,0.97845,False
GENE1352,107.6644,0.7345,0.458183,0.97845,False
GENE1798,1391.4432,0.3400,0.458206,0.97845,False
GENE0022,318.3064,-0.3356,0.458292,0.97845,False
GENE1782,1241.7590,0.3149,0.459115,0.97845,False
GENE0173,29.7324,0.8869,0.459978,0.97845,False
GENE1387,41.7002,0.6455,0.461046,0.97845,False
GENE0872,106.9212,0.6270,0.46219,0.97845,False
GENE1893,191.9328,0.2422,0.462504,0.97845,False
GENE1031,483.0931,-0.2771,0.462546,0.97845,False
GENE0589,84.2274,-0.4342,0.462754,0.97845,False
GENE0838,381.7752,-0.2814,0.463009,0.97845,False
GENE0229,58.3034,0.6961,0.463056,0.97845,False
GENE1350,345.9480,-0.3695,0.463268,0.97845,False
GENE1012,55.7202,-0.7179,0.463281,0.97845,False
GENE1204,245.1197,-0.4986,0.463353,0.97845,False
GENE1415,35.8531,-0.7017,0.463593,0.97845,False
GENE1088,969.3838,0.3386,0.463886,0.97845,False
GENE0515,364.0029,0.2691,0.465325,0.97845,False
GENE0454,156.1403,-0.1810,0.465785,0.97845,False
GENE0875,105.3261,-0.5733,0.466056,0.97845,False
GENE1395,80.8407,-0.5366,0.466225,0.97845,False
GENE1756,516.8810,-0.6754,0.466536,0.97845,False
GENE1166,1132.5493,0.2615,0.469495,0.97845,False
GENE1061,1383.8472,0.2347,0.470353,0.97845,False
GENE0220,530.7850,0.1343,0.470808,0.97845,False
GENE0269,4024.0995,-0.2319,0.470869,0.97845,False
GENE0147,406.1841,0.1910,0.472194,0.97845,False
GENE1777,1491.1940,-0.3823,0.472281,0.97845,False
GENE0331,63.7905,0.6327,0.472445,0.97845,False
GENE0254,18.9964,-0.5163,0.47263,0.97845,False
GENE1134,32464.8032,0.2351,0.474036,0.97845,False
GENE0455,444.7357,-0.3964,0.47525,0.97845,False
GENE0716,55.9679,-0.3991,0.475818,0.97845,False
GENE1447,236.6546,0.3591,0.477546,0.97845,False
GENE1564,68.9116,-0.5644,0.477651,0.97845,False
GENE0732,532.6062,0.2429,0.478196,0.97845,False
GENE1033,38.9338,-0.1093,0.478576,0.97845,False
GENE0309,4920.5652,0.2519,0.478767,0.97845,False
GENE0626,240.2595,-0.2558,0.480716,0.97845,False
GENE1187,305.2126,-0.3385,0.481367,0.97845,False
GENE1445,1889.6496,-0.2749,0.481731,0.97845,False
GENE0498,129.4422,-0.3338,0.48314,0.97845,False
GENE1601,1703.7525,-0.3082,0.483227,0.97845,False
GENE0805,20.5084,0.9338,0.483639,0.97845,False
GENE1473,120.9013,0.4365,0.483646,0.97845,False
GENE1209,11.4650,-0.4907,0.484024,0.97845,False
GENE0532,477.8025,-0.6392,0.484217,0.97845,False
GENE1179,75.0193,0.6349,0.484992,0.97845,False
GENE1896,798.6345,0.2160,0.485724,0.97845,False
GENE0201,706.4986,-0.4339,0.486506,0.97845,False
GENE0555,55.8130,-0.2845,0.486839,0.97845,False
GENE0218,1365.5520,-0.1101,0.48713,0.97845,False
GENE1660,238.2403,0.3434,0.487219,0.97845,False
GENE1854,60.4848,0.3708,0.487798,0.97845,False
GENE1722,649.0293,0.3527,0.488765,0.97845,False
GENE1648,1335.2234,-0.3732,0.488923,0.97845,False
GENE1214,132.2113,0.4059,0.489027,0.97845,False
GENE0467,33.9759,0.3550,0.489948,0.97845,False
GENE1154,33.3515,-0.5754,0.49011,0.97845,False
GENE0313,424.1723,0.2327,0.490744,0.97845,False
GENE0090,28.6670,0.4404,0.490786,0.97845,False
GENE0520,48.8189,-0.6495,0.491291,0.97845,False
GENE0112,162.5565,0.2801,0.492728,0.97845,False
GENE1894,135.3769,0.5893,0.492793,0.97845,False
GENE1281,33.1577,-0.4479,0.493234,0.97845,False
GENE0989,1144.1319,-0.4279,0.49429,0.97845,False
GENE1372,690.8461,0.3283,0.494704,0.97845,False
GENE1833,256.7369,0.3574,0.495453,0.97845,False
GENE1971,196.8060,-0.3352,0.495824,0.97845,False
GENE0305,196.6120,0.3218,0.496948,0.97845,False
GENE1335,275.3850,0.3874,0.498405,0.97845,False
GENE0255,441.8159,0.4190,0.499461,0.97845,False
GENE1324,201.1248,-0.1687,0.499623,0.97845,False
GENE0710,33.0398,-0.3637,0.499679,0.97845,False
GENE0885,296.4043,0.2890,0.499955,0.97845,False
GENE1233,4790.7626,0.3377,0.501456,0.97845,False
GENE1055,204.9338,0.2833,0.502171,0.97845,False
GENE1476,141.1181,0.3349,0.502245,0.97845,False
GENE0618,1374.4333,0.3407,0.502793,0.97845,False
GENE1113,1129.1815,0.4433,0.504019,0.97845,False
GENE1047,72.5111,0.2576,0.504561,0.97845,False
GENE0038,576.6146,0.3955,0.504758,0.97845,False
GENE1981,1066.3704,-0.1301,0.504875,0.97845,False
GENE0993,30.1577,0.6982,0.505012,0.97845,False
GENE0943,51.2922,0.6231,0.505517,0.97845,False
GENE1303,50.4752,0.9234,0.505668,0.97845,False
GENE0736,976.6397,0.2085,0.50649,0.97845,False
GENE1903,112.9238,-0.4238,0.506729,0.97845,False
GENE1052,778.5229,0.4091,0.5068,0.97845,False
GENE1609,95.5124,-0.6065,0.507101,0.97845,False
GENE0937,60.0925,-0.8621,0.507548,0.97845,False
GENE0250,136.6678,-0.6027,0.507772,0.97845,False
GENE0318,57.4964,-0.1793,0.50818,0.97845,False
GENE1920,42.5749,-0.3799,0.508943,0.97845,False
GENE0795,141.3041,-0.3197,0.509505,0.97845,False
GENE0505,1404.2251,-0.4505,0.510164,0.97845,False
GENE0533,26.9507,-0.9391,0.510307,0.97845,False
GENE1196,26.1749,0.3854,0.510504,0.97845,False
GENE0443,317.7285,0.2418,0.510799,0.97845,False
GENE0567,29.1235,-0.4955,0.511396,0.97845,False
GENE1186,461.3870,0.2245,0.511436,0.97845,False
GENE0965,2993.1169,-0.3746,0.511598,0.97845,False
GENE0764,381.3249,0.3808,0.511932,0.97845,False
GENE0221,2030.3309,0.2336,0.512306,0.97845,False
GENE0034,213.3566,0.3845,0.512765,0.97845,False
GENE1575,47.5592,-0.6056,0.512829,0.97845,False
GENE1743,103.0618,0.3131,0.513261,0.97845,False
GENE1902,107.4363,-0.2626,0.513303,0.97845,False
GENE1420,744.4954,0.1904,0.513678,0.97845,False
GENE0735,45.3155,-0.2138,0.515491,0.97845,False
GENE0222,333.9202,0.3467,0.516068,0.97845,False
GENE0444,169.5522,-0.3297,0.516685,0.97845,False
GENE1306,107.2193,-0.4273,0.518517,0.97845,False
GENE0799,82.3671,0.7586,0.5193,0.97845,False
GENE1005,102.9227,0.4547,0.519504,0.97845,False
GENE1514,105.9970,-0.4194,0.519718,0.97845,False
GENE1536,490.1126,0.2549,0.519734,0.97845,False
GENE1162,104.6857,0.5158,0.520265,0.97845,False
GENE0117,1191.5162,0.2471,0.520363,0.97845,False
GENE1051,125.5104,-0.5426,0.520987,0.97845,False
GENE1980,306.2559,0.1050,0.521396,0.97845,False
GENE1830,100.1956,-0.3038,0.521727,0.97845,False
GENE0647,33.9345,0.4731,0.522256,0.97845,False
GENE0427,211.9190,0.5086,0.522463,0.97845,False
GENE0676,17.6200,0.3615,0.522835,0.97845,False
GENE0098,5584.7163,-0.1352,0.523815,0.97845,False
GENE1041,1372.4963,0.3753,0.524527,0.97845,False
GENE1182,77.0915,-0.4203,0.525712,0.97845,False
GENE1595,708.0465,-0.2347,0.526054,0.97845,False
GENE0345,14.0038,-0.3980,0.526462,0.97845,False
GENE1905,159.3955,0.4990,0.526841,0.97845,False
GENE0492,146.5314,-0.4018,0.527633,0.97845,False
GENE0293,35.2243,0.4767,0.528621,0.97845,False
GENE0095,199.7804,0.2302,0.529093,0.97845,False
GENE1365,524.2636,-0.2838,0.529634,0.97845,False
GENE0436,791.7922,-0.3981,0.52967,0.97845,False
GENE0056,148.6161,-0.3902,0.529783,0.97845,False
GENE0228,437.4868,0.2604,0.530059,0.97845,False
GENE0738,1266.4656,-0.5794,0.530263,0.97845,False
GENE1064,481.5311,0.4776,0.530618,0.97845,False
GENE1467,9.3573,-0.7320,0.530884,0.97845,False
GENE1009,3281.8673,0.2837,0.530928,0.97845,False
GENE0636,254.1855,-0.3021,0.531594,0.97845,False
GENE1825,15.1017,0.4229,0.531834,0.97845,False
GENE0468,70.3461,-0.5783,0.53185,0.97845,False
GENE0748,1422.5206,0.2800,0.532015,0.97845,False
GENE0178,272.5388,-0.2329,0.532495,0.97845,False
GENE1107,151.6963,-0.5249,0.532497,0.97845,False
GENE0585,142.7764,0.3813,0.532868,0.97845,False
GENE1102,24.7014,0.2675,0.533382,0.97845,False
GENE0055,189.1995,-0.4254,0.534036,0.97845,False
GENE0963,34.8800,-0.7597,0.534293,0.97845,False
GENE0267,136.1242,-0.2615,0.534406,0.97845,False
GENE0522,202.5280,-0.3916,0.534475,0.97845,False
GENE0571,1000.2832,-0.2336,0.534578,0.97845,False
GENE0886,506.1754,0.0316,0.535019,0.97845,False
GENE0757,2332.0420,-0.2698,0.535982,0.97845,False
GENE0184,159.0959,-0.3421,0.536026,0.97845,False
GENE1849,389.9642,-0.3133,0.536116,0.97845,False
GENE1644,51.0158,0.2708,0.537345,0.97845,False
GENE1408,29.6431,-0.6949,0.537691,0.97845,False
GENE0407,72.0762,0.3948,0.538442,0.97845,False
GENE1993,80.6456,-0.1681,0.539398,0.97845,False
GENE1634,92.0924,-0.6891,0.539682,0.97845,False
GENE1707,106.4489,-0.2223,0.539877,0.97845,False
GENE1551,44.8538,0.3563,0.539882,0.97845,False
GENE0959,360.5197,0.1622,0.540104,0.97845,False
GENE0790,565.0676,0.3341,0.540526,0.97845,False
GENE0907,41.9772,-0.3791,0.540819,0.97845,False
GENE1938,7.6810,-0.4484,0.541664,0.97845,False
GENE1083,47.3928,-0.3342,0.541678,0.97845,False
GENE0527,38.4096,-0.5100,0.541858,0.97845,False
GENE0803,1028.8923,-0.2619,0.542089,0.97845,False
GENE0246,75.4166,-0.2942,0.542717,0.97845,False
GENE0986,355.7993,-0.2611,0.543337,0.97845,False
GENE1692,39.3928,-0.6912,0.54338,0.97845,False
GENE0616,981.9834,0.0935,0.543402,0.97845,False
GENE0902,160.9452,0.3576,0.544765,0.97845,False
GENE0187,42.3136,-0.4259,0.545127,0.97845,False
GENE0472,8.7834,-0.7069,0.546525,0.97845,False
GENE1421,75.3225,0.7653,0.547256,0.97845,False
GENE0975,151.3509,-0.2776,0.547316,0.97845,False
GENE1252,47.3610,0.3963,0.547668,0.97845,False
GENE1904,854.8309,-0.3995,0.547857,0.97845,False
GENE0073,37.4587,0.5183,0.548221,0.97845,False
GENE0047,2566.6111,-0.3980,0.548968,0.97845,False
GENE0499,104.6505,-0.4972,0.549546,0.97845,False
GENE1768,512.1898,0.1284,0.550228,0.97845,False
GENE1095,5521.0691,-0.1083,0.550612,0.97845,False
GENE1748,5.7658,1.1391,0.550853,0.97845,False
GENE0149,919.6841,0.4422,0.551213,0.97845,False
GENE0914,3174.7140,0.4193,0.551482,0.97845,False
GENE1553,50.2089,0.3772,0.551945,0.97845,False
GENE1007,81.0634,-0.3613,0.552174,0.97845,False
GENE0698,1044.8888,0.2139,0.55233,0.97845,False
GENE1228,31.6558,-0.6825,0.552569,0.97845,False
GENE0212,46.1718,0.4080,0.554775,0.97845,False
GENE0405,29.8696,0.7450,0.55524,0.97845,False
GENE0722,1179.0545,0.1501,0.555474,0.97845,False
GENE1280,28.0826,0.3036,0.555958,0.97845,False
GENE0297,255.4731,-0.4251,0.556334,0.97845,False
GENE0944,107.5300,0.7254,0.557276,0.97845,False
GENE1866,35.5262,0.3830,0.558144,0.97845,False
GENE0463,807.8760,-0.2945,0.55819,0.97845,False
GENE1477,10.9453,0.6501,0.558751,0.97845,False
GENE1881,77.9617,-0.2974,0.558899,0.97845,False
GENE1933,122.8333,-0.3028,0.559175,0.97845,False
GENE0018,138.8787,0.6390,0.559205,0.97845,False
GENE0199,286.9473,-0.2964,0.559837,0.97845,False
GENE0772,28.2742,0.3980,0.560242,0.97845,False
GENE0361,16.0996,0.2878,0.561169,0.97845,False
GENE1058,8997.2666,0.0887,0.561428,0.97845,False
GENE0643,50.3463,0.3788,0.561623,0.97845,False
GENE1220,1436.3769,-0.3915,0.562093,0.97845,False
GENE0896,797.5672,0.2117,0.562503,0.97845,False
GENE1703,9.8072,0.3730,0.563078,0.97845,False
GENE0743,148.5406,-0.3637,0.564186,0.97845,False
GENE1986,521.6284,0.2257,0.564886,0.97845,False
GENE1194,314.5613,0.3165,0.566317,0.97845,False
GENE1549,35.7223,-0.7142,0.566377,0.97845,False
GENE0488,46.5522,-0.3409,0.567483,0.97845,False
GENE0236,58.3010,-0.5173,0.56754,0.97845,False
GENE1619,20.6052,0.2620,0.567915,0.97845,False
GENE1117,462.7997,0.2463,0.568453,0.97845,False
GENE1482,153.6524,0.2701,0.569046,0.97845,False
GENE0392,32.2351,0.5463,0.569398,0.97845,False
GENE0797,419.3347,0.3938,0.569891,0.97845,False
GENE1351,16.6639,0.5259,0.570314,0.97845,False
GENE0021,584.4910,0.1515,0.570466,0.97845,False
GENE0610,960.4698,0.2233,0.570544,0.97845,False
GENE0598,16.2068,-0.5860,0.570746,0.97845,False
GENE1085,144.9878,0.2565,0.570838,0.97845,False
GENE1805,2128.9583,-0.2413,0.570927,0.97845,False
GENE1589,109.4083,-0.2345,0.570997,0.97845,False
GENE0998,1487.7783,0.3717,0.572026,0.97845,False
GENE0119,94.5742,0.2418,0.572067,0.97845,False
GENE1626,214.9337,-0.3621,0.573274,0.97845,False
GENE1269,53.1178,-0.4817,0.573345,0.97845,False
GENE1995,44.9529,0.3227,0.573669,0.97845,False
GENE0688,6266.9622,-0.1737,0.573746,0.97845,False
GENE0915,790.3073,-0.3122,0.575449,0.979059,False
GENE1921,133.6790,0.2542,0.575708,0.979059,False
GENE0631,1058.0025,-0.1931,0.576034,0.979059,False
GENE1278,61.1177,0.3851,0.576313,0.979059,False
GENE0524,74.6196,0.2866,0.577203,0.979059,False
GENE0547,649.2278,0.2456,0.577762,0.979059,False
GENE0062,11.3895,0.2876,0.580222,0.979059,False
GENE1851,432.3540,-0.1763,0.581131,0.979059,False
GENE0240,93.0170,-0.1607,0.582119,0.979059,False
GENE0849,876.8903,-0.0559,0.583178,0.979059,False
GENE1674,15.3851,-0.4162,0.584206,0.979059,False
GENE1086,26.0061,0.2936,0.584384,0.979059,False
GENE1251,86.3594,-0.2456,0.584941,0.979059,False
GENE0265,48.6515,0.2087,0.585199,0.979059,False
GENE0314,414.6771,-0.3764,0.585713,0.979059,False
GENE0884,75.7680,-0.2860,0.585735,0.979059,False
GENE1423,52.2616,-0.5751,0.585797,0.979059,False
GENE0027,463.9741,0.1577,0.585882,0.979059,False
GENE0755,1001.5208,-0.2891,0.586181,0.979059,False
GENE1313,505.4815,-0.0396,0.586652,0.979059,False
GENE1794,321.5424,0.1448,0.586658,0.979059,False
GENE0650,446.1973,0.3576,0.586675,0.979059,False
GENE1759,102.1960,-0.3168,0.586827,0.979059,False
GENE0792,269.6326,0.2401,0.587458,0.979059,False
GENE0641,756.2523,0.2900,0.587502,0.979059,False
GENE0417,13.0704,-0.4995,0.587504,0.979059,False
GENE0622,2811.5261,0.2982,0.587656,0.979059,False
GENE0635,96.0938,-0.4115,0.588295,0.979059,False
GENE1357,2820.4230,0.2128,0.58853,0.979059,False
GENE1163,892.1390,-0.2879,0.589321,0.979123,False
GENE1533,153.5913,0.3525,0.589616,0.979123,False
GENE0556,484.1077,0.1449,0.590567,0.979123,False
GENE1957,558.7081,0.1987,0.591122,0.979123,False
GENE1112,66.5005,-0.5114,0.591539,0.979123,False
GENE1436,7862.9494,-0.1747,0.591554,0.979123,False
GENE1510,130.9959,-0.3509,0.592731,0.980247,False
GENE1285,171.7798,0.4876,0.594456,0.981986,False
GENE1620,85.3794,-0.2454,0.59478,0.981986,False
GENE0857,1570.7136,0.2600,0.59582,0.982326,False
GENE0413,30.2911,-0.3025,0.597389,0.982326,False
GENE0044,394.5536,-0.1646,0.597432,0.982326,False
GENE0072,58.1257,-0.5715,0.598132,0.982326,False
GENE0861,23.7836,0.5098,0.598524,0.982326,False
GENE1629,62.0741,-0.3062,0.598744,0.982326,False
GENE0994,118.1985,0.1189,0.599029,0.982326,False
GENE0107,118.0970,0.3121,0.60037,0.982326,False
GENE0645,136.0661,-0.4169,0.601954,0.982326,False
GENE0678,257.3680,-0.2555,0.602486,0.982326,False
GENE1525,77.6317,-0.4636,0.602585,0.982326,False
GENE0633,196.4524,0.2499,0.603509,0.982326,False
GENE1108,105.9148,-0.1461,0.603848,0.982326,False
GENE1242,133.8120,-0.4642,0.604169,0.982326,False
GENE1503,5.6990,-0.9648,0.604174,0.982326,False
GENE0696,124.4720,-0.0943,0.604327,0.982326,False
GENE0763,53.5218,0.2263,0.604694,0.982326,False
GENE0978,139.6558,0.3056,0.60519,0.982326,False
GENE1176,22.0080,-0.5291,0.60584,0.982326,False
GENE1438,2084.6471,-0.2130,0.606121,0.982326,False
GENE1859,1084.7702,0.4146,0.606156,0.982326,False
GENE0097,64.5604,0.2353,0.606269,0.982326,False
GENE1571,281.2528,-0.2043,0.60715,0.982326,False
GENE0962,59.9155,0.2983,0.607365,0.982326,False
GENE0687,503.6691,-0.2878,0.60775,0.982326,False
GENE1379,76.8133,-0.4004,0.607964,0.982326,False
GENE0275,502.7206,-0.1833,0.608643,0.982607,False
GENE0808,26.4828,0.4400,0.609136,0.982607,False
GENE0276,333.4319,0.3147,0.609835,0.982929,False
GENE1930,1583.7422,0.1681,0.611217,0.983795,False
GENE1586,99.5332,0.2470,0.611686,0.983795,False
GENE0756,1410.4804,-0.3323,0.61312,0.983795,False
GENE1792,1675.8710,0.3568,0.615234,0.983795,False
GENE1783,439.8027,0.1511,0.615521,0.983795,False
GENE1294,42.7200,0.3588,0.615778,0.983795,False
GENE0800,330.7918,0.0923,0.616101,0.983795,False
GENE1015,39.1345,-0.3886,0.616367,0.983795,False
GENE0060,66.2362,0.2340,0.616634,0.983795,False
GENE0852,1468.6805,0.1484,0.61793,0.983795,False
GENE0231,812.0357,0.1236,0.618176,0.983795,False
GENE0243,869.3598,-0.1569,0.62041,0.983795,False
GENE1508,793.9703,-0.3356,0.621174,0.983795,False
GENE0897,89.9312,0.4255,0.622144,0.983795,False
GENE1581,73.3559,0.2896,0.622908,0.983795,False
GENE0188,19.3952,0.4383,0.623254,0.983795,False
GENE0402,237.7694,-0.2185,0.623468,0.983795,False
GENE0932,279.4000,0.2313,0.623492,0.983795,False
GENE0424,20.4257,0.3400,0.62443,0.983795,False
GENE0744,285.8639,0.3696,0.624503,0.983795,False
GENE0815,16.2155,0.6048,0.625205,0.983795,False
GENE0224,167.7094,0.2213,0.625956,0.983795,False
GENE0535,60.6837,0.5867,0.626005,0.983795,False
GENE1414,193.2898,0.4036,0.626318,0.983795,False
GENE1987,206.5971,0.1386,0.626522,0.983795,False
GENE1853,626.7260,-0.1800,0.627257,0.983795,False
GENE1184,1329.5241,0.1952,0.628595,0.983795,False
GENE1952,27.3531,0.4298,0.628662,0.983795,False
GENE1913,18.8351,-0.2561,0.628907,0.983795,False
GENE1977,132.2442,-0.2272,0.629167,0.983795,False
GENE1224,78.7512,0.3826,0.629805,0.983795,False
GENE0741,98.9203,-0.2548,0.631233,0.983795,False
GENE0327,237.5468,-0.1888,0.632089,0.983795,False
GENE0242,150.4443,0.2358,0.633042,0.983795,False
GENE1844,229.1879,0.1909,0.63328,0.983795,False
GENE0684,444.4730,-0.2533,0.633347,0.983795,False
GENE1263,90.3770,-0.3481,0.633405,0.983795,False
GENE1213,45.8365,-0.2615,0.633493,0.983795,False
GENE0835,78.8932,0.4999,0.633761,0.983795,False
GENE0664,49.2095,0.3461,0.63438,0.983795,False
GENE1605,192.4944,0.2144,0.634521,0.983795,False
GENE1309,12.5811,0.4398,0.63589,0.983795,False
GENE0237,194.6991,0.1539,0.635901,0.983795,False
GENE1373,171.0400,0.1913,0.636312,0.983795,False
GENE0008,2183.5735,-0.1053,0.637504,0.983795,False
GENE1439,981.6195,0.2107,0.637669,0.983795,False
GENE1259,6.0888,-0.7226,0.638143,0.983795,False
GENE0342,330.5635,-0.1239,0.638721,0.983795,False
GENE0605,59.2682,-0.5210,0.638774,0.983795,False
GENE1597,219.7642,-0.3568,0.638806,0.983795,False
GENE0680,2874.4299,-0.1161,0.639507,0.983795,False
GENE1691,79.4229,0.3140,0.639517,0.983795,False
GENE0142,170.5291,-0.3757,0.639806,0.983795,False
GENE1071,504.1274,0.2602,0.639928,0.983795,False
GENE1872,296.4366,-0.2204,0.64041,0.983795,False
GENE1217,540.8349,0.1633,0.64096,0.983795,False
GENE0086,15.4224,0.8618,0.641592,0.983795,False
GENE1712,99.4521,-0.4259,0.642006,0.983795,False
GENE0311,433.5027,0.2423,0.642162,0.983795,False
GENE1848,11.4113,0.7830,0.642374,0.983795,False
GENE1190,161.5767,0.2340,0.642949,0.983795,False
GENE1062,22.5588,0.3150,0.643224,0.983795,False
GENE1292,69.3332,0.3037,0.64363,0.983795,False
GENE0195,459.5654,0.1108,0.644404,0.983795,False
GENE1810,273.6233,-0.1957,0.644998,0.983795,False
GENE1147,98.5241,0.3855,0.645481,0.983795,False
GENE1863,32.9704,0.3185,0.646289,0.983795,False
GENE1049,183.0241,-0.2170,0.646942,0.983795,False
GENE0364,85.7186,-0.3689,0.647268,0.983795,False
GENE0161,425.9073,-0.2222,0.647735,0.983795,False
GENE1199,477.5068,-0.1606,0.648057,0.983795,False
GENE1039,89.5794,-0.3595,0.648459,0.983795,False
GENE1883,159.4438,0.4315,0.648726,0.983795,False
GENE1965,29.7574,-0.4619,0.649081,0.983795,False
GENE1734,18724.4240,0.1485,0.650669,0.983795,False
GENE0145,30.8162,0.4249,0.650952,0.983795,False
GENE0441,47.5445,-0.3224,0.651198,0.983795,False
GENE1669,108.8110,0.2299,0.652114,0.983795,False
GENE1227,179.3460,0.2564,0.652284,0.983795,False
GENE0033,4686.1160,0.0446,0.653619,0.983795,False
GENE1899,52.2486,-0.3608,0.654222,0.983795,False
GENE1675,344.7137,0.1727,0.654435,0.983795,False
GENE1689,679.6965,-0.2330,0.654632,0.983795,False
GENE0911,22.1589,-0.6419,0.654782,0.983795,False
GENE1010,374.4974,0.4261,0.654985,0.983795,False
GENE1542,22.6144,-0.6137,0.655006,0.983795,False
GENE1978,397.9871,-0.3407,0.655121,0.983795,False
GENE1906,609.1030,-0.0448,0.655206,0.983795,False
GENE1488,95.4963,0.3318,0.655824,0.983795,False
GENE0644,129.0297,0.3593,0.65678,0.983795,False
GENE1615,949.1884,-0.1927,0.657156,0.983795,False
GENE0558,6.4790,-0.3556,0.657529,0.983795,False
GENE0121,68.4065,-0.2723,0.658079,0.983795,False
GENE1305,74.5042,-0.2729,0.658294,0.983795,False
GENE1290,307.0865,-0.2475,0.658642,0.983795,False
GENE1958,5.9293,-0.7418,0.658738,0.983795,False
GENE1949,508.5620,0.1598,0.658863,0.983795,False
GENE1979,16.4669,0.9364,0.659533,0.983908,False
GENE0917,173.8388,-0.3236,0.660046,0.983908,False
GENE0077,1259.5803,0.2425,0.661168,0.983908,False
GENE1923,203.2293,-0.2945,0.661211,0.983908,False
GENE0387,214.4159,0.3179,0.661438,0.983908,False
GENE1672,192.8942,-0.1567,0.66314,0.985463,False
GENE0162,4294.0627,0.0465,0.663608,0.985463,False
GENE0375,413.5988,0.1702,0.664679,0.985463,False
GENE0042,42.1408,0.2912,0.664913,0.985463,False
GENE1177,598.6032,-0.1164,0.665198,0.985463,False
GENE1067,118.0499,-0.2503,0.665488,0.985463,False
GENE0809,216.5873,-0.1013,0.666459,0.98559,False
GENE0981,174.9547,-0.1548,0.666575,0.98559,False
GENE1250,533.7081,0.1902,0.667116,0.985649,False
GENE1430,13.1728,-0.6163,0.667775,0.985883,False
GENE0124,36.6042,0.0428,0.668517,0.986238,False
GENE0322,39.1698,-0.3085,0.669302,0.986657,False
GENE1056,125.0536,-0.2013,0.670784,0.987265,False
GENE0390,217.3919,0.2691,0.671517,0.987265,False
GENE1552,375.0021,0.2427,0.671561,0.987265,False
GENE1069,53.8562,-0.3682,0.672903,0.987265,False
GENE1497,167.3517,0.1855,0.67338,0.987265,False
GENE1247,39.1092,-0.2592,0.67476,0.987265,False
GENE0607,2315.2023,-0.2502,0.675386,0.987265,False
GENE0013,1067.5786,-0.2627,0.675496,0.987265,False
GENE1136,245.4053,-0.3299,0.675989,0.987265,False
GENE0506,189.7651,0.2005,0.677154,0.987265,False
GENE1960,233.8442,-0.3289,0.677179,0.987265,False
GENE0918,11.9706,-0.2577,0.677644,0.987265,False
GENE0264,929.6066,-0.1565,0.67801,0.987265,False
GENE0118,1739.1915,0.1190,0.678294,0.987265,False
GENE0307,47.6063,-0.2467,0.678454,0.987265,False
GENE1480,650.8978,0.2411,0.679149,0.987265,False
GENE1126,1244.3891,0.2266,0.679201,0.987265,False
GENE0400,6092.5222,0.2278,0.67972,0.987265,False
GENE1486,45.4924,0.4372,0.679723,0.987265,False
GENE1158,58.4776,-0.3029,0.67991,0.987265,False
GENE1532,939.2561,0.1702,0.68156,0.987265,False
GENE1598,345.3052,-0.1717,0.682241,0.987265,False
GENE1043,13.3951,-0.8214,0.682961,0.987265,False
GENE1617,269.2551,0.1778,0.684713,0.987265,False
GENE1909,55.9553,0.1217,0.686119,0.987265,False
GENE1655,36.9484,-0.1333,0.686195,0.987265,False
GENE1746,175.5504,0.2015,0.686284,0.987265,False
GENE0814,57.8209,-0.3432,0.686629,0.987265,False
GENE0480,78.5637,0.4443,0.686746,0.987265,False
GENE0760,341.1211,0.1352,0.68698,0.987265,False
GENE0913,57.5806,0.2996,0.688608,0.987265,False
GENE1212,83.5844,0.2908,0.688716,0.987265,False
GENE1356,138.8270,-0.1936,0.690354,0.987265,False
GENE0374,2471.7448,-0.2015,0.690639,0.987265,False
GENE1888,74.0900,0.2793,0.690767,0.987265,False
GENE0699,526.8307,0.3292,0.690847,0.987265,False
GENE1847,42.8975,-0.3825,0.690968,0.987265,False
GENE2000,314.7569,0.1906,0.691549,0.987265,False
GENE0174,13.2777,-0.5131,0.692672,0.987265,False
GENE1386,203.1533,0.2064,0.693291,0.987265,False
GENE1175,61.0235,0.1980,0.693574,0.987265,False
GENE0410,252.8671,0.1954,0.693611,0.987265,False
GENE1874,209.3283,0.1524,0.694517,0.987265,False
GENE1078,66.7559,-0.3900,0.6947,0.987265,False
GENE0334,683.4121,0.2665,0.696143,0.987265,False
GENE0234,15.9345,0.5801,0.696165,0.987265,False
GENE0447,429.7821,-0.2304,0.696405,0.987265,False
GENE1416,23.9017,-0.6381,0.696514,0.987265,False
GENE0777,938.7567,-0.2027,0.696675,0.987265,False
GENE0930,470.3836,0.2495,0.697001,0.987265,False
GENE0484,293.6865,-0.1612,0.69708,0.987265,False
GENE1907,609.2510,0.2437,0.697347,0.987265,False
GENE0982,4039.7053,0.2318,0.697977,0.987265,False
GENE1016,96.3550,-0.2927,0.698017,0.987265,False
GENE1886,40.6357,0.2398,0.698994,0.987265,False
GENE0603,433.2187,0.2550,0.699015,0.987265,False
GENE1376,113.6478,0.1233,0.699262,0.987265,False
GENE1471,2665.9210,0.1172,0.700181,0.987265,False
GENE1751,2089.9812,-0.1399,0.700216,0.987265,False
GENE0734,283.3181,0.1237,0.70085,0.987265,False
GENE0721,232.5762,0.2539,0.701317,0.987265,False
GENE1099,208.5294,0.2152,0.701495,0.987265,False
GENE1380,1011.9026,0.2315,0.702154,0.987265,False
GENE0906,842.2786,0.1718,0.703065,0.987265,False
GENE1994,1135.3933,0.2488,0.703124,0.987265,False
GENE1084,583.9509,0.3852,0.703683,0.987265,False
GENE0958,38.6172,-0.2964,0.703749,0.987265,False
GENE1839,78.7758,0.2135,0.703828,0.987265,False
GENE1558,20.6892,0.3382,0.706339,0.988859,False
GENE0656,38.6924,0.2989,0.706881,0.988859,False
GENE0323,178.4460,0.0820,0.707149,0.988859,False
GENE1661,464.7260,0.1451,0.707815,0.988859,False
GENE1310,193.6611,0.2485,0.708613,0.988859,False
GENE0442,122.6461,0.2235,0.708851,0.988859,False
GENE1161,247.3755,0.2645,0.709417,0.988859,False
GENE1812,6.2198,0.4082,0.709481,0.988859,False
GENE0300,486.7511,-0.1384,0.710213,0.988859,False
GENE1025,63.8418,0.3618,0.711203,0.988859,False
GENE0320,36.5334,-0.5075,0.711461,0.988859,False
GENE0406,329.1482,0.1773,0.712089,0.988859,False
GENE1322,96.3206,0.3794,0.7122,0.988859,False
GENE0759,6442.6246,-0.1013,0.712358,0.988859,False
GENE1181,150.7910,0.2445,0.713171,0.988859,False
GENE0092,72.2345,0.3164,0.715104,0.988859,False
GENE1737,72.0810,-0.2371,0.716425,0.988859,False
GENE1115,155.5579,0.0840,0.716675,0.988859,False
GENE0401,259.3522,-0.2813,0.717039,0.988859,False
GENE1593,7512.1884,-0.0615,0.71742,0.988859,False
GENE1580,17.5653,0.2553,0.717515,0.988859,False
GENE1215,117.1667,0.1444,0.71817,0.988859,False
GENE1861,103.4696,-0.2700,0.720753,0.988859,False
GENE1808,16.4645,0.2440,0.721371,0.988859,False
GENE0705,64.8828,0.1591,0.722129,0.988859,False
GENE0418,530.0737,0.1737,0.722266,0.988859,False
GENE1434,4797.1719,0.1615,0.722497,0.988859,False
GENE0500,255.9678,-0.1645,0.722844,0.988859,False
GENE0289,108.1068,-0.2799,0.724132,0.988859,False
GENE0040,255.5483,0.3737,0.724212,0.988859,False
GENE0317,318.7076,-0.1869,0.724704,0.988859,False
GENE1504,8.4465,0.4412,0.725074,0.988859,False
GENE1991,1959.5123,0.2493,0.725148,0.988859,False
GENE1694,212.9246,-0.1473,0.725249,0.988859,False
GENE1268,7174.8096,0.1038,0.725499,0.988859,False
GENE0648,301.5766,-0.2926,0.725671,0.988859,False
GENE0954,965.0782,0.1387,0.725727,0.988859,False
GENE1308,82.8735,0.2509,0.726078,0.988859,False
GENE0058,8.7760,-0.2103,0.727959,0.988859,False
GENE1341,35.8744,-0.2625,0.730857,0.988859,False
GENE1272,3770.5871,0.1700,0.731494,0.988859,False
GENE1054,49.9703,-0.2586,0.731616,0.988859,False
GENE0004,64.8382,0.1127,0.732356,0.988859,False
GENE0259,7.5436,0.4784,0.732681,0.988859,False
GENE0129,5500.9963,0.1219,0.73285,0.988859,False
GENE1583,61.5671,-0.2402,0.733393,0.988859,False
GENE1501,61.1205,-0.2896,0.73388,0.988859,False
GENE0540,37.2109,-0.3374,0.733923,0.988859,False
GENE1091,82.9199,-0.3103,0.735695,0.988859,False
GENE1359,118.7937,-0.1873,0.736034,0.988859,False
GENE0344,610.2043,-0.0674,0.736488,0.988859,False
GENE1065,1175.5675,-0.1555,0.737395,0.988859,False
GENE1156,117.3724,0.0779,0.737556,0.988859,False
GENE0553,1158.0778,0.0746,0.737986,0.988859,False
GENE0266,204.5037,0.2270,0.738323,0.988859,False
GENE0936,43.8361,-0.3470,0.738559,0.988859,False
GENE0787,1615.0064,-0.1003,0.739419,0.988859,False
GENE1100,152.9782,0.1912,0.739451,0.988859,False
GENE0338,348.2105,-0.1566,0.739803,0.988859,False
GENE1584,46.2951,-0.3265,0.740526,0.988859,False
GENE1458,600.0455,0.1155,0.740802,0.988859,False
GENE0672,1342.9137,-0.1320,0.741173,0.988859,False
GENE0551,32.5510,-0.0882,0.741179,0.988859,False
GENE1591,34.3724,-0.1816,0.741426,0.988859,False
GENE1200,312.4181,0.1568,0.742545,0.988859,False
GENE0421,6.0884,0.2593,0.743172,0.988859,False
GENE1643,23.1011,-0.4791,0.743199,0.988859,False
GENE1138,421.5850,-0.1821,0.743305,0.988859,False
GENE0370,27.3005,0.5136,0.743445,0.988859,False
GENE1030,302.6963,-0.1599,0.743963,0.988859,False
GENE1333,196.6773,0.1781,0.744389,0.988859,False
GENE1343,304.5105,-0.2193,0.745439,0.988859,False
GENE1972,248.1477,0.1088,0.746407,0.988859,False
GENE0175,294.1086,0.1796,0.746657,0.988859,False
GENE0769,15.8813,-0.2438,0.748267,0.988859,False
GENE1155,82.5423,0.2430,0.748496,0.988859,False
GENE0431,2190.6376,-0.1406,0.748829,0.988859,False
GENE0030,480.4147,0.1830,0.748992,0.988859,False
GENE0196,1034.3517,-0.1584,0.749239,0.988859,False
GENE1826,23.0311,-0.4974,0.750571,0.988859,False
GENE1838,284.6310,0.2303,0.751085,0.988859,False
GENE1736,1415.2110,0.1678,0.751176,0.988859,False
GENE1919,108.9746,0.2043,0.75121,0.988859,False
GENE1699,36.3329,-0.2181,0.751363,0.988859,False
GENE0069,864.6067,-0.0918,0.751745,0.988859,False
GENE0751,704.7281,0.1254,0.751926,0.988859,False
GENE0561,8871.0265,-0.1334,0.752429,0.988859,False
GENE0596,547.2893,0.1144,0.754509,0.988859,False
GENE1531,588.4559,-0.2109,0.755106,0.988859,False
GENE0703,265.7333,0.1563,0.755157,0.988859,False
GENE1288,185.8189,-0.1087,0.755201,0.988859,False
GENE1695,8.6615,0.2425,0.755624,0.988859,False
GENE1725,57.4728,-0.2295,0.755638,0.988859,False
GENE0245,287.1630,0.1257,0.755903,0.988859,False
GENE0768,1362.8549,0.1269,0.756062,0.988859,False
GENE0847,1401.7285,-0.2044,0.756411,0.988859,False
GENE1998,655.2899,0.1548,0.756548,0.988859,False
GENE0347,170.5795,-0.1481,0.756567,0.988859,False
GENE1757,63.0584,-0.2245,0.757094,0.988859,False
GENE0023,480.8669,0.1701,0.757111,0.988859,False
GENE0750,882.8121,-0.1186,0.757344,0.988859,False
GENE0782,210.9305,0.1370,0.758257,0.988859,False
GENE1183,470.1469,-0.1542,0.759204,0.988859,False
GENE0465,29.1382,0.1331,0.759303,0.988859,False
GENE0623,64.8793,0.2748,0.759633,0.988859,False
GENE1809,176.2299,0.1441,0.760217,0.988859,False
GENE0509,1938.0622,0.0968,0.761012,0.988859,False
GENE1860,150.8942,-0.1762,0.761348,0.988859,False
GENE0928,451.7069,-0.1165,0.76139,0.988859,False
GENE1559,239.7463,0.2460,0.761512,0.988859,False
GENE1260,204.8310,-0.1145,0.762106,0.988859,False
GENE1784,621.4465,0.1271,0.762207,0.988859,False
GENE0035,1573.7700,0.0572,0.763315,0.988859,False
GENE1139,397.3256,0.0985,0.764078,0.988859,False
GENE1059,153.5550,-0.0541,0.764695,0.988859,False
GENE1878,21.3966,-0.1963,0.764721,0.988859,False
GENE1120,148.6982,0.1692,0.765165,0.988859,False
GENE0025,122.9934,0.1744,0.765241,0.988859,False
GENE0239,429.8306,0.2047,0.765242,0.988859,False
GENE0166,489.1286,0.0899,0.766012,0.988859,False
GENE1685,339.0786,0.0538,0.766514,0.988859,False
GENE0159,112.8301,0.1221,0.766866,0.988859,False
GENE0120,226.3467,0.2598,0.767211,0.988859,False
GENE1262,101.6923,-0.3131,0.76727,0.988859,False
GENE0725,58.2720,0.1609,0.768678,0.989634,False
GENE1611,313.9038,0.2110,0.769953,0.989634,False
GENE1201,124.3578,-0.1082,0.770816,0.989634,False
GENE1241,2790.3443,0.1445,0.771248,0.989634,False
GENE1716,48.5937,0.2964,0.771358,0.989634,False
GENE1946,187.8780,-0.1153,0.772059,0.989634,False
GENE1457,116.7089,0.2310,0.772086,0.989634,False
GENE0450,581.3675,-0.1370,0.774182,0.989634,False
GENE0359,994.7314,-0.1370,0.774583,0.989634,False
GENE1718,40.7125,0.2632,0.775239,0.989634,False
GENE1004,169.6031,0.2862,0.775387,0.989634,False
GENE1582,21.1494,-0.4054,0.775975,0.989634,False
GENE1152,41.9867,-0.2819,0.776151,0.989634,False
GENE1637,106.5361,-0.1095,0.776867,0.989634,False
GENE0312,55.4983,0.1383,0.777104,0.989634,False
GENE0821,171.1136,-0.1341,0.777508,0.989634,False
GENE1298,50.8611,-0.2884,0.777776,0.989634,False
GENE0600,815.6072,0.1897,0.778036,0.989634,False
GENE0343,6.0379,0.1852,0.778809,0.989634,False
GENE0974,189.7012,0.2592,0.778854,0.989634,False
GENE0471,5531.5969,-0.1634,0.778963,0.989634,False
GENE1967,489.4804,0.1907,0.783524,0.989634,False
GENE0655,121.9795,-0.3018,0.783694,0.989634,False
GENE0920,167.9063,0.1125,0.784829,0.989634,False
GENE1992,46.2546,0.1585,0.785261,0.989634,False
GENE1658,133.5944,-0.2006,0.786233,0.989634,False
GENE0294,120.8274,-0.0914,0.786862,0.989634,False
GENE1524,75.4886,0.1823,0.788065,0.989634,False
GENE1246,6.5210,-0.2492,0.78875,0.989634,False
GENE1411,52.0654,-0.2585,0.789278,0.989634,False
GENE1753,35.5767,0.1546,0.789516,0.989634,False
GENE1320,21.9464,0.2155,0.789995,0.989634,False
GENE1442,31.4334,-0.2288,0.790037,0.989634,False
GENE0217,12.8426,-0.2215,0.790236,0.989634,False
GENE0310,714.3354,-0.0844,0.790569,0.989634,False
GENE1865,39.2085,-0.3585,0.792508,0.989634,False
GENE1234,178.8019,-0.1565,0.792865,0.989634,False
GENE0931,25.7495,-0.2236,0.793714,0.989634,False
GENE0578,1900.2772,-0.2060,0.793748,0.989634,False
GENE1641,101.3851,-0.2242,0.794091,0.989634,False
GENE0426,1380.6045,-0.1587,0.794454,0.989634,False
GENE1702,144.7259,-0.1613,0.795514,0.989634,False
GENE1804,482.8363,0.1142,0.795644,0.989634,False
GENE0329,249.3599,0.1975,0.795653,0.989634,False
GENE1399,1183.7372,0.1194,0.795718,0.989634,False
GENE0652,296.2362,0.2021,0.795816,0.989634,False
GENE0991,35.5811,0.1407,0.796944,0.989634,False
GENE0204,84.9917,-0.1940,0.797515,0.989634,False
GENE0415,60.4993,-0.2391,0.798964,0.989634,False
GENE0026,1039.5157,0.1200,0.799165,0.989634,False
GENE0667,1604.6100,0.0796,0.799242,0.989634,False
GENE0301,271.8014,0.2262,0.799553,0.989634,False
GENE1265,340.7722,0.1760,0.799595,0.989634,False
GENE1087,45.1578,-0.2549,0.799602,0.989634,False
GENE0446,131.9373,0.1424,0.800725,0.989634,False
GENE0912,590.5694,-0.1128,0.802093,0.989634,False
GENE0244,227.6130,0.0869,0.802272,0.989634,False
GENE1959,2901.3425,-0.1002,0.802393,0.989634,False
GENE1706,19.4701,-0.3026,0.802569,0.989634,False
GENE1122,445.8346,0.1824,0.802868,0.989634,False
GENE1295,25.9070,0.1257,0.802889,0.989634,False
GENE1635,4692.8284,-0.1394,0.804495,0.989634,False
GENE1339,709.5196,0.1530,0.805254,0.989634,False
GENE1656,33.7925,-0.2435,0.805677,0.989634,False
GENE1110,70.5108,-0.1211,0.806593,0.989634,False
GENE0029,2037.9657,0.1509,0.807302,0.989634,False
GENE0419,169.7798,0.1438,0.807598,0.989634,False
GENE0445,1124.8521,-0.1447,0.808159,0.989634,False
GENE1345,67.5381,0.1494,0.808864,0.989634,False
GENE1172,390.4805,-0.2248,0.808997,0.989634,False
GENE1578,153.8911,-0.1733,0.809264,0.989634,False
GENE0820,63.8207,-0.1477,0.810753,0.989634,False
GENE0326,152.9787,0.1087,0.81241,0.989634,False
GENE1622,634.0411,-0.1199,0.814217,0.989634,False
GENE0128,162.7789,-0.1612,0.814522,0.989634,False
GENE1793,31.1593,-0.1091,0.814528,0.989634,False
GENE1766,145.3496,-0.1326,0.814586,0.989634,False
GENE0630,541.1714,0.1103,0.814998,0.989634,False
GENE0796,249.9526,0.2036,0.815059,0.989634,False
GENE0493,140.4403,-0.1161,0.815077,0.989634,False
GENE1277,34.5501,0.3338,0.81567,0.989634,False
GENE0806,240.0336,-0.1314,0.815738,0.989634,False
GENE1370,452.1082,0.0553,0.816407,0.989634,False
GENE0151,53.9071,-0.1527,0.818209,0.989634,False
GENE0496,150.4930,-0.2480,0.818306,0.989634,False
GENE0961,7.0777,-0.2922,0.81895,0.989634,False
GENE0754,106.9399,0.1615,0.819315,0.989634,False
GENE0729,1991.0001,0.1167,0.819696,0.989634,False
GENE0508,280.5515,-0.1991,0.820155,0.989634,False
GENE0749,148.6271,-0.1664,0.820876,0.989634,False
GENE0895,168.1763,0.0671,0.821105,0.989634,False
GENE0019,1055.9483,0.0661,0.822123,0.989634,False
GENE0351,43.6735,0.1638,0.822341,0.989634,False
GENE1701,1388.2914,0.0750,0.822411,0.989634,False
GENE0456,1068.0581,-0.1110,0.822634,0.989634,False
GENE1446,24.0576,-0.2389,0.82309,0.989634,False
GENE0167,1676.2556,-0.1340,0.823779,0.989634,False
GENE0489,77.5676,-0.0479,0.824238,0.989634,False
GENE0905,949.0821,-0.1501,0.824549,0.989634,False
GENE1535,17.6936,-0.1898,0.824665,0.989634,False
GENE1111,16.5338,0.1605,0.82549,0.989634,False
GENE0009,149.5618,-0.1197,0.826175,0.989634,False
GENE1877,107.8887,0.2043,0.826309,0.989634,False
GENE0416,107.9079,0.2458,0.826811,0.989634,False
GENE0298,202.4036,-0.1155,0.826873,0.989634,False
GENE1969,132.0723,-0.0879,0.826955,0.989634,False
GENE1771,1281.2350,-0.0488,0.827383,0.989634,False
GENE0534,15.2855,0.1843,0.828105,0.989634,False
GENE0205,3556.8136,0.0833,0.828224,0.989634,False
GENE1206,1022.1157,-0.0612,0.82866,0.989634,False
GENE1072,1435.4903,0.0589,0.829037,0.989634,False
GENE1489,43.9093,-0.2760,0.829595,0.989634,False
GENE0728,1270.1169,-0.0955,0.829736,0.989634,False
GENE0287,740.8354,0.1355,0.830025,0.989634,False
GENE0356,53.8287,-0.1849,0.830517,0.989634,False
GENE0071,619.2481,0.1122,0.830782,0.989634,False
GENE0158,3089.2107,-0.1664,0.831011,0.989634,False
GENE1218,32.6281,0.1085,0.831311,0.989634,False
GENE0780,14.3987,-0.2458,0.832202,0.989634,False
GENE0921,90.3202,-0.2333,0.83224,0.989634,False
GENE0712,7.8345,-0.2401,0.832297,0.989634,False
GENE0634,173.1794,-0.1456,0.832526,0.989634,False
GENE0570,143.1552,-0.2023,0.834,0.989634,False
GENE1932,147.6429,-0.1273,0.834049,0.989634,False
GENE1344,7.5976,-0.0950,0.834259,0.989634,False
GENE1709,73.2134,0.1095,0.835347,0.989634,False
GENE0010,92.7531,0.2117,0.835583,0.989634,False
GENE1832,227.6058,0.0870,0.837403,0.989634,False
GENE1014,158.8626,-0.1348,0.83766,0.989634,False
GENE0099,144.7157,-0.1403,0.83783,0.989634,False
GENE1534,4279.7241,0.1251,0.837989,0.989634,False
GENE1301,533.5874,0.1229,0.838631,0.989634,False
GENE1157,187.0957,0.1181,0.83869,0.989634,False
GENE1639,1998.4052,-0.0957,0.838727,0.989634,False
GENE1491,27.5962,-0.0877,0.839438,0.989634,False
GENE1330,363.0945,0.0622,0.839853,0.989634,False
GENE0257,391.6097,0.0355,0.840613,0.989634,False
GENE0100,555.6716,-0.0809,0.841167,0.989634,False
GENE0292,7.8841,-0.3743,0.841364,0.989634,False
GENE1101,1412.8770,-0.0760,0.841547,0.989634,False
GENE1427,1101.1895,0.1063,0.842165,0.989634,False
GENE0490,391.8364,-0.1000,0.843276,0.989634,False
GENE0371,248.2565,-0.0998,0.843795,0.989634,False
GENE1481,56.8588,0.1992,0.844159,0.989634,False
GENE0983,527.9675,0.1110,0.844498,0.989634,False
GENE0339,100.0205,0.1088,0.845489,0.989634,False
GENE1342,1105.6544,-0.1355,0.846077,0.989634,False
GENE0139,7.2487,0.1181,0.846257,0.989634,False
GENE0723,155.9446,-0.0317,0.846289,0.989634,False
GENE0423,97.8965,0.1405,0.846318,0.989634,False
GENE0888,629.2736,-0.0545,0.846368,0.989634,False
GENE0646,159.7317,0.1111,0.846518,0.989634,False
GENE1506,35.7153,0.1397,0.847259,0.989634,False
GENE1098,71.3038,0.0648,0.847446,0.989634,False
GENE0079,64.9138,0.0872,0.84757,0.989634,False
GENE1029,54.4931,0.1473,0.847666,0.989634,False
GENE1381,42.6973,-0.0873,0.849494,0.989634,False
GENE1934,324.1856,-0.1178,0.850041,0.989634,False
GENE1245,8.6369,-0.2090,0.850778,0.989634,False
GENE1976,57.4159,-0.1050,0.850809,0.989634,False
GENE0303,428.9202,-0.0987,0.851913,0.989634,False
GENE1988,7.5057,-0.1613,0.851927,0.989634,False
GENE1926,90.6011,-0.1000,0.85201,0.989634,False
GENE0827,110.5598,-0.0594,0.852974,0.989634,False
GENE0076,29.2122,-0.2326,0.853324,0.989634,False
GENE1814,47.9370,0.1629,0.855891,0.989634,False
GENE0594,190.3087,0.1507,0.856567,0.989634,False
GENE1273,68.2431,-0.0599,0.856952,0.989634,False
GENE0475,847.6490,0.1284,0.857648,0.989634,False
GENE1760,79.2909,0.1084,0.858597,0.989634,False
GENE1478,85.6875,0.2234,0.859642,0.989634,False
GENE1304,167.4757,-0.1012,0.861942,0.989634,False
GENE0791,216.9838,0.1375,0.863607,0.989634,False
GENE0601,293.3273,-0.1844,0.864259,0.989634,False
GENE0774,953.8497,0.0771,0.865613,0.989634,False
GENE1858,673.2989,-0.0402,0.866302,0.989634,False
GENE1354,9.0557,0.1913,0.867146,0.989634,False
GENE1326,680.0456,-0.1128,0.867905,0.989634,False
GENE1608,147.3464,-0.1309,0.869696,0.989634,False
GENE1180,345.8934,-0.0926,0.87012,0.989634,False
GENE1315,63.7488,0.1754,0.870378,0.989634,False
GENE1398,794.2761,-0.0561,0.87042,0.989634,False
GENE0439,3531.1054,-0.0567,0.870785,0.989634,False
GENE0708,128.6534,-0.0707,0.870849,0.989634,False
GENE1721,1975.3046,-0.0488,0.871111,0.989634,False
GENE1827,380.3969,-0.0749,0.87135,0.989634,False
GENE0087,31.9786,-0.1328,0.871401,0.989634,False
GENE0068,160.8453,0.1743,0.871503,0.989634,False
GENE0846,109.5656,0.0606,0.873348,0.989634,False
GENE0137,440.0159,-0.1072,0.873393,0.989634,False
GENE1167,161.7714,0.1414,0.873736,0.989634,False
GENE1802,6.3450,-0.2241,0.87406,0.989634,False
GENE1406,1030.6703,-0.0474,0.874457,0.989634,False
GENE1910,23.3940,0.1240,0.874719,0.989634,False
GENE1396,223.1963,-0.0979,0.874983,0.989634,False
GENE1520,498.7614,0.0569,0.875358,0.989634,False
GENE0929,280.1885,0.0340,0.87564,0.989634,False
GENE0252,62.1766,0.1141,0.876153,0.989634,False
GENE1385,217.6374,-0.0668,0.876166,0.989634,False
GENE1390,1350.4699,0.0898,0.876301,0.989634,False
GENE0545,481.5210,-0.0644,0.876389,0.989634,False
GENE1579,465.9095,0.0827,0.876447,0.989634,False
GENE1011,391.6919,0.1465,0.877071,0.989634,False
GENE1890,209.2334,-0.0808,0.877853,0.989634,False
GENE0742,235.1832,-0.0371,0.878045,0.989634,False
GENE0459,319.4735,0.1167,0.878167,0.989634,False
GENE0539,295.2963,0.0654,0.878816,0.989634,False
GENE1286,453.4403,0.1355,0.879174,0.989634,False
GENE1022,44.5744,0.1515,0.879372,0.989634,False
GENE0341,556.3522,0.0524,0.879573,0.989634,False
GENE1230,268.7373,0.0614,0.879647,0.989634,False
GENE0990,160.0318,-0.0752,0.879908,0.989634,False
GENE1057,12.4929,0.0370,0.879939,0.989634,False
GENE1282,192.7153,0.1025,0.879967,0.989634,False
GENE1238,24.4842,-0.1033,0.880429,0.989634,False
GENE1515,431.2852,0.1354,0.88095,0.989634,False
GENE1461,44.9273,-0.1051,0.881237,0.989634,False
GENE0286,43.8896,-0.0971,0.882388,0.989634,False
GENE1544,313.0042,0.0784,0.882722,0.989634,False
GENE1817,5177.6607,-0.0526,0.882854,0.989634,False
GENE1484,970.9529,0.0946,0.882959,0.989634,False
GENE1340,68.8138,-0.1300,0.883211,0.989634,False
GENE0813,38.5910,0.1257,0.883401,0.989634,False
GENE1627,1488.2404,0.0732,0.883932,0.989634,False
GENE0804,2864.9800,-0.0481,0.884883,0.989634,False
GENE1764,8.6265,0.0905,0.886353,0.989634,False
GENE1837,65.0471,-0.0972,0.886788,0.989634,False
GENE1632,310.5363,-0.0515,0.887422,0.989634,False
GENE0865,383.9766,0.0642,0.889022,0.989634,False
GENE0908,559.1760,0.0863,0.890486,0.989634,False
GENE0032,179.7342,-0.0687,0.890665,0.989634,False
GENE1159,16.2866,0.1052,0.891077,0.989634,False
GENE1513,539.1611,0.1034,0.891115,0.989634,False
GENE1452,816.4287,-0.0872,0.89149,0.989634,False
GENE1908,82.2464,0.1001,0.891817,0.989634,False
GENE1018,329.5622,0.1002,0.892867,0.989634,False
GENE1403,60.5243,0.0820,0.893336,0.989634,False
GENE1727,219.6795,0.0452,0.895088,0.989634,False
GENE1364,283.9188,0.0542,0.895897,0.989634,False
GENE1647,3077.0367,0.0646,0.896092,0.989634,False
GENE1116,240.6640,-0.0894,0.897663,0.989634,False
GENE0247,61.9319,-0.0542,0.898049,0.989634,False
GENE0564,1489.0721,-0.0450,0.89808,0.989634,False
GENE1770,435.6154,0.0606,0.898881,0.989634,False
GENE0273,161.8896,-0.0870,0.898978,0.989634,False
GENE0617,33.1422,0.1312,0.899289,0.989634,False
GENE1318,1131.4910,-0.0270,0.899445,0.989634,False
GENE1570,81.4965,-0.1187,0.900705,0.989634,False
GENE0776,39.9991,-0.1469,0.901573,0.989634,False
GENE0946,1141.6648,-0.0684,0.903371,0.989634,False
GENE0295,51.4052,-0.0607,0.903508,0.989634,False
GENE1786,473.4704,-0.0411,0.903717,0.989634,False
GENE0160,1383.3111,0.0512,0.904456,0.989634,False
GENE1968,104.5918,0.0888,0.90501,0.989634,False
GENE1130,9.1364,-0.1050,0.905424,0.989634,False
GENE0839,138.2306,0.0520,0.905598,0.989634,False
GENE0001,242.7737,0.0721,0.905839,0.989634,False
GENE0200,43.2997,-0.1041,0.906255,0.989634,False
GENE1636,730.4069,0.0368,0.907357,0.989634,False
GENE0122,887.7767,0.0459,0.907483,0.989634,False
GENE1545,558.8159,0.0468,0.907582,0.989634,False
GENE0389,452.1890,0.0278,0.908053,0.989634,False
GENE1741,2418.0548,0.0376,0.90811,0.989634,False
GENE0283,658.1544,0.0257,0.908745,0.989634,False
GENE1936,502.2213,0.0727,0.908787,0.989634,False
GENE0494,83.9268,-0.0413,0.909825,0.989634,False
GENE0898,1885.3651,-0.0567,0.910158,0.989634,False
GENE1319,308.6860,0.0823,0.910461,0.989634,False
GENE1092,290.6943,0.0443,0.911323,0.989634,False
GENE1516,508.2445,0.0877,0.912438,0.989634,False
GENE1841,300.9274,-0.0418,0.912528,0.989634,False
GENE0366,97.6376,-0.0698,0.912826,0.989634,False
GENE1325,1407.1472,0.0596,0.91357,0.989634,False
GENE0080,106.4622,0.1018,0.915242,0.989634,False
GENE0511,87.3272,-0.0907,0.915325,0.989634,False
GENE1623,302.2559,-0.0743,0.91551,0.989634,False
GENE0711,77.2416,0.0560,0.915718,0.989634,False
GENE0003,36.8909,0.0887,0.91574,0.989634,False
GENE1389,49.4049,-0.1170,0.915923,0.989634,False
GENE0325,1426.4232,-0.0389,0.916185,0.989634,False
GENE1487,306.5988,-0.0664,0.91622,0.989634,False
GENE1742,502.8404,-0.0640,0.916764,0.989634,False
GENE1834,764.0693,0.0711,0.916768,0.989634,False
GENE0727,1879.1136,0.0342,0.917108,0.989634,False
GENE1225,100.9693,-0.0502,0.917156,0.989634,False
GENE1836,100.6740,-0.1113,0.917804,0.989634,False
GENE1588,18.6765,-0.0760,0.91869,0.989634,False
GENE1174,186.3018,0.0836,0.918783,0.989634,False
GENE1023,12.0458,-0.0795,0.919701,0.989634,False
GENE1347,27.2698,-0.1338,0.919999,0.989634,False
GENE0604,54.4719,-0.1331,0.92035,0.989634,False
GENE0081,51.6978,-0.0628,0.920812,0.989634,False
GENE1912,103.1113,-0.0262,0.923014,0.989634,False
GENE1732,40.9733,0.0922,0.924101,0.989634,False
GENE0372,1096.3036,0.0559,0.9246,0.989634,False
GENE0306,1683.6120,0.0387,0.924642,0.989634,False
GENE1537,190.7561,0.0476,0.925535,0.989634,False
GENE1550,1709.7564,-0.0382,0.925551,0.989634,False
GENE1519,456.8142,-0.0511,0.925621,0.989634,False
GENE1296,527.9189,-0.0704,0.92583,0.989634,False
GENE0053,52.3891,0.0559,0.926361,0.989634,False
GENE0253,207.7778,0.0571,0.92637,0.989634,False
GENE0624,132.9973,0.0970,0.926422,0.989634,False
GENE0005,18.1437,0.0931,0.926442,0.989634,False
GENE0039,73.1110,-0.1233,0.926712,0.989634,False
GENE1618,198.0297,-0.0347,0.927034,0.989634,False
GENE1676,148.3308,-0.0567,0.927287,0.989634,False
GENE0747,102.9261,-0.0626,0.927472,0.989634,False
GENE1291,24.3649,0.1120,0.927686,0.989634,False
GENE0657,6321.1521,-0.0327,0.927911,0.989634,False
GENE1266,486.3984,-0.0496,0.927932,0.989634,False
GENE1862,23.4512,0.0863,0.928158,0.989634,False
GENE0859,140.0719,0.0828,0.928723,0.989634,False
GENE1401,117.6537,0.0591,0.928967,0.989634,False
GENE1336,96.3105,0.0425,0.929832,0.989634,False
GENE0627,10.4742,0.0786,0.930157,0.989634,False
GENE0575,851.7017,-0.0292,0.931936,0.989634,False
GENE1950,197.1230,0.0524,0.932633,0.989634,False
GENE1852,289.2483,-0.0717,0.932881,0.989634,False
GENE0261,1693.4621,-0.0701,0.933608,0.989634,False
GENE0232,277.4894,-0.0385,0.933694,0.989634,False
GENE1997,126.4150,-0.0501,0.935178,0.989634,False
GENE0395,2333.5346,0.0599,0.936275,0.989634,False
GENE0082,8.1451,-0.0612,0.937375,0.989634,False
GENE0935,255.2996,-0.0427,0.937429,0.989634,False
GENE1021,39.3625,0.0463,0.937825,0.989634,False
GENE1334,132.9732,0.0533,0.938332,0.989634,False
GENE1638,451.1863,0.0294,0.93887,0.989634,False
GENE0798,1897.3268,0.0114,0.939591,0.989634,False
GENE0146,225.5852,0.0370,0.939644,0.989634,False
GENE0223,53.4915,0.0737,0.93973,0.989634,False
GENE1144,886.9985,0.0173,0.939942,0.989634,False
GENE0510,496.5445,0.0416,0.939961,0.989634,False
GENE0927,823.9514,0.0454,0.940347,0.989634,False
GENE1590,1350.4443,-0.0232,0.94196,0.989634,False
GENE0801,150.7758,-0.0386,0.942034,0.989634,False
GENE1698,2534.8902,0.0429,0.942043,0.989634,False
GENE0403,62.7112,-0.0881,0.942115,0.989634,False
GENE1377,141.9655,0.0800,0.942161,0.989634,False
GENE0942,695.9109,-0.0489,0.942162,0.989634,False
GENE0951,59.4945,0.0589,0.942893,0.989634,False
GENE0715,127.1544,-0.0418,0.943006,0.989634,False
GENE0109,8.8344,-0.0757,0.943342,0.989634,False
GENE0873,145.2935,0.0301,0.944081,0.989634,False
GENE1585,44.9730,0.0874,0.944096,0.989634,False
GENE0233,5430.7747,-0.0273,0.945764,0.989634,False
GENE0693,92.2551,-0.0214,0.946748,0.989634,False
GENE0640,322.1156,0.0138,0.947575,0.989634,False
GENE0299,82.6016,0.0620,0.948067,0.989634,False
GENE1679,271.6619,-0.0264,0.948083,0.989634,False
GENE0659,1497.6713,-0.0243,0.949102,0.989634,False
GENE1000,10.5668,-0.1110,0.949134,0.989634,False
GENE0103,99.8407,-0.0515,0.949548,0.989634,False
GENE1668,6.4770,0.1036,0.949719,0.989634,False
GENE0516,22.9667,0.0447,0.949919,0.989634,False
GENE1363,175.5347,-0.0381,0.950061,0.989634,False
GENE1813,727.6539,-0.0099,0.9503,0.989634,False
GENE0879,532.4907,-0.0457,0.950501,0.989634,False
GENE1749,160.5920,0.0497,0.950873,0.989634,False
GENE1775,864.4493,0.0241,0.951972,0.989634,False
GENE1188,16.8278,0.0473,0.952489,0.989634,False
GENE0256,205.8725,0.0177,0.953263,0.989634,False
GENE1730,39.3521,0.0287,0.953786,0.989634,False
GENE1494,41.6075,-0.0242,0.954008,0.989634,False
GENE1666,543.0554,-0.0270,0.95445,0.989634,False
GENE1114,1059.0875,0.0152,0.954906,0.989634,False
GENE1560,9.0664,0.0402,0.95624,0.989634,False
GENE1526,3835.1869,0.0213,0.956532,0.989634,False
GENE1873,133.7743,-0.0343,0.95742,0.989634,False
GENE0226,150.5835,0.0191,0.957649,0.989634,False
GENE0399,756.5985,0.0289,0.958771,0.989634,False
GENE0094,1241.0481,-0.0212,0.958774,0.989634,False
GENE0802,493.7451,-0.0265,0.95894,0.989634,False
GENE0609,120.8866,0.0222,0.959141,0.989634,False
GENE1633,91.6659,0.0246,0.959547,0.989634,False
GENE1613,144.6437,0.0370,0.960342,0.989634,False
GENE1556,12.2569,0.0679,0.961627,0.989634,False
GENE1561,10.0197,-0.0622,0.961752,0.989634,False
GENE1761,48.3275,-0.0355,0.962922,0.989634,False
GENE1693,177.2030,0.0244,0.962991,0.989634,False
GENE1989,500.2947,0.0313,0.963007,0.989634,False
GENE0599,177.0506,0.0140,0.964244,0.989634,False
GENE0337,57.7940,0.0289,0.964394,0.989634,False
GENE1440,407.1394,0.0145,0.96453,0.989634,False
GENE0150,157.4723,0.0341,0.964628,0.989634,False
GENE1778,468.5815,-0.0264,0.964819,0.989634,False
GENE0828,42.9341,0.0357,0.965316,0.989634,False
GENE1417,753.6191,0.0267,0.965364,0.989634,False
GENE0110,1774.3872,-0.0275,0.965534,0.989634,False
GENE0225,234.1655,0.0116,0.966061,0.989634,False
GENE0840,118.8765,-0.0320,0.96696,0.989634,False
GENE0947,388.4014,0.0211,0.966975,0.989634,False
GENE1974,483.9860,0.0181,0.967403,0.989634,False
GENE1198,879.5915,0.0234,0.967419,0.989634,False
GENE0050,725.0729,0.0098,0.967691,0.989634,False
GENE1651,259.8396,-0.0176,0.968376,0.989634,False
GENE1696,36.6090,-0.0317,0.968756,0.989634,False
GENE1316,111.7840,-0.0335,0.968827,0.989634,False
GENE0683,29.3432,0.0211,0.969285,0.989634,False
GENE1801,29.6972,0.0393,0.970846,0.989634,False
GENE1270,110.2878,-0.0187,0.971055,0.989634,False
GENE1129,762.6348,0.0207,0.972051,0.989634,False
GENE1361,14.9343,0.0115,0.972712,0.989634,False
GENE1490,541.7589,-0.0220,0.973276,0.989634,False
GENE0682,612.1994,-0.0134,0.973662,0.989634,False
GENE0909,451.9338,0.0177,0.973676,0.989634,False
GENE1437,90.5675,-0.0213,0.974618,0.989634,False
GENE0581,3114.8336,-0.0156,0.975779,0.989634,False
GENE0037,69.7656,-0.0169,0.976029,0.989634,False
GENE1293,47.7301,0.0252,0.976164,0.989634,False
GENE1518,150.8960,-0.0051,0.976384,0.989634,False
GENE1927,98.3020,0.0216,0.977079,0.989634,False
GENE0209,92.6562,-0.0051,0.977443,0.989634,False
GENE1017,244.7337,-0.0213,0.977826,0.989634,False
GENE0637,459.4239,0.0132,0.97788,0.989634,False
GENE0673,124.1988,0.0158,0.978021,0.989634,False
GENE1450,384.7802,-0.0064,0.978522,0.989634,False
GENE1868,34.9092,0.0177,0.978549,0.989634,False
GENE0382,2581.4775,0.0116,0.978571,0.989634,False
GENE0285,13.4788,0.0272,0.980505,0.990803,False
GENE0052,906.5572,0.0111,0.980734,0.990803,False
GENE0127,6.7563,-0.0256,0.98264,0.991958,False
GENE0316,14.9990,0.0103,0.983328,0.991958,False
GENE1142,112.7631,-0.0105,0.983389,0.991958,False
GENE1050,12.9577,0.0334,0.984384,0.992452,False
GENE1254,143.2916,-0.0148,0.985529,0.992864,False
GENE0923,2283.8917,0.0096,0.985801,0.992864,False
GENE1948,504.3901,0.0094,0.986615,0.993176,False
GENE0654,11.2028,-0.0201,0.987155,0.993211,False
GENE0358,65.0102,-0.0057,0.987875,0.993428,False
GENE0854,68.5151,-0.0081,0.989088,0.994052,False
GENE1973,105.3876,-0.0107,0.989506,0.994052,False
GENE1456,65.5497,0.0144,0.990171,0.994213,False
GENE0448,316.4306,-0.0040,0.99171,0.994495,False
GENE0829,2068.8504,-0.0031,0.99199,0.994495,False
GENE1171,365.0353,0.0068,0.992421,0.994495,False
GENE1654,52.7173,0.0056,0.992713,0.994495,False
GENE0157,905.5509,0.0031,0.993001,0.994495,False
GENE0639,344.0179,-0.0071,0.993484,0.994495,False
GENE0826,41.3632,-0.0021,0.997784,0.998291,False
GENE1772,6.0220,-0.0024,0.99834,0.99834,False
