gene,ctrl_1,ctrl_2,ctrl_3,trt_1,trt_2,trt_3
GENE0001,261,402,132,139,280,249
GENE0002,120,190,352,63,282,103
GENE0003,37,14,57,24,32,72
GENE0004,27,71,89,32,94,130
GENE0005,31,8,15,21,9,11
GENE0006,3214,6438,8669,2128,4291,3808
GENE0007,24,62,101,109,131,135
GENE0008,1851,2361,2651,1335,2180,3543
GENE0009,193,115,159,91,162,180
GENE0010,95,61,93,99,31,177
GENE0011,3515,5739,6041,3545,3426,4068
GENE0012,25,43,93,19,78,110
GENE0013,637,2204,993,494,1024,1604
GENE0014,222,359,570,123,383,485
GENE0015,80,99,127,93,167,267
GENE0016,123,169,282,105,132,257
GENE0017,17,23,59,6,36,7
GENE0018,30,271,111,103,114,299
GENE0019,616,1500,1269,879,1164,1193
GENE0020,40,167,292,156,220,344
GENE0021,356,662,762,529,668,669
GENE0022,146,461,499,141,446,446
GENE0023,485,305,604,421,545,538
GENE0024,124,199,174,134,159,435
GENE0025,57,150,150,82,96,291
GENE0026,912,823,1262,781,1604,1023
GENE0027,341,494,561,484,397,530
GENE0028,2,12,15,33,4,99
GENE0029,1943,1459,2232,1358,3642,1918
GENE0030,285,552,597,522,598,343
GENE0031,146,136,371,78,317,321
GENE0032,152,295,147,118,243,142
GENE0033,3643,4916,5850,3653,5119,6094
GENE0034,84,352,214,192,244,264
GENE0035,947,1941,2058,1223,1698,2156
GENE0036,8,12,20,18,32,16
GENE0037,31,125,84,52,58,100
GENE0038,224,674,750,548,860,592
GENE0039,79,23,116,46,27,182
GENE0040,95,475,155,109,217,716
GENE0041,855,1104,470,946,1091,1018
GENE0042,22,50,42,29,90,35
GENE0043,644,1017,1274,824,1310,1426
GENE0044,252,274,756,223,570,529
GENE0045,110,88,165,60,129,75
GENE0046,174,192,184,83,181,87
GENE0047,1885,2122,4905,1635,3955,1811
GENE0048,115,148,259,64,111,144
GENE0049,106,149,231,66,143,199
GENE0050,607,774,796,430,831,1195
GENE0051,7612,6053,10199,7084,11965,16568
GENE0052,481,637,1826,707,927,1365
GENE0053,22,70,79,46,38,84
GENE0054,163,563,623,171,331,292
GENE0055,235,144,239,84,282,178
GENE0056,87,233,187,62,258,144
GENE0057,184,367,570,125,158,293
GENE0058,3,12,16,5,7,17
GENE0059,973,1099,760,1012,1538,2166
GENE0060,39,60,81,44,57,161
GENE0061,549,993,607,202,544,829
GENE0062,6,4,20,6,14,29
GENE0063,109,118,175,134,173,203
GENE0064,158,393,108,166,180,366
GENE0065,3,0,6,1,0,4
GENE0066,0,0,2,1,0,0
GENE0067,47,31,26,39,25,101
GENE0068,36,201,310,178,163,132
GENE0069,630,812,1373,704,835,1084
GENE0070,167,283,325,89,230,307
GENE0071,564,454,818,580,740,564
GENE0072,14,119,117,33,62,41
GENE0073,27,26,30,24,99,29
GENE0074,331,641,648,198,240,467
GENE0075,10,24,21,7,18,13
GENE0076,24,55,17,37,2,31
GENE0077,1170,1471,884,671,1682,2090
GENE0078,11,58,45,9,38,27
GENE0079,64,95,45,43,83,62
GENE0080,24,200,146,68,145,123
GENE0081,34,29,107,40,42,85
GENE0082,11,5,7,3,10,15
GENE0083,263,371,213,230,426,544
GENE0084,858,2485,1869,1807,3298,3577
GENE0085,545,1018,1291,445,829,1333
GENE0086,15,2,13,20,33,3
GENE0087,41,15,41,16,48,35
GENE0088,30,147,45,59,204,85
GENE0089,50,130,117,73,112,253
GENE0090,11,48,24,19,35,52
GENE0091,40,68,175,50,90,63
GENE0092,17,99,115,67,74,99
GENE0093,53,29,47,41,105,106
GENE0094,1255,1193,1397,1035,1474,1047
GENE0095,151,130,266,132,238,382
GENE0096,3,11,24,1,2,6
GENE0097,55,47,76,49,102,71
GENE0098,3865,7550,6925,3493,6986,6772
GENE0099,106,109,270,155,100,142
GENE0100,427,403,896,353,516,1030
GENE0101,355,620,720,463,686,1239
GENE0102,85,91,231,52,129,46
GENE0103,25,97,217,59,76,226
GENE0104,52,73,29,43,54,195
GENE0105,719,1946,2498,1293,3250,2772
GENE0106,34,155,129,85,174,227
GENE0107,95,113,91,55,160,264
GENE0108,271,510,1263,260,716,663
GENE0109,18,4,6,6,9,4
GENE0110,1274,2402,1801,1204,3085,1234
GENE0111,545,1234,578,576,1135,1076
GENE0112,126,182,136,94,210,300
GENE0113,63,78,181,17,37,92
GENE0114,120,205,297,232,448,643
GENE0115,444,790,491,244,527,484
GENE0116,3,5,2,3,21,13
GENE0117,561,1612,1408,933,1570,1563
GENE0118,1210,2279,1878,1525,1350,2586
GENE0119,32,80,156,55,109,224
GENE0120,154,413,117,97,355,324
GENE0121,26,116,108,38,65,105
GENE0122,585,1069,1146,868,616,1206
GENE0123,56,63,78,30,86,49
GENE0124,20,26,61,19,56,65
GENE0125,217,462,515,523,368,513
GENE0126,31,44,41,18,15,22
GENE0127,3,12,4,2,3,24
GENE0128,161,155,193,120,80,308
GENE0129,3514,5070,8144,5040,4865,8047
GENE0130,365,428,994,323,478,656
GENE0131,212,361,359,116,222,219
GENE0132,91,192,91,190,456,195
GENE0133,42,23,67,65,48,156
GENE0134,35,190,301,33,93,136
GENE0135,37,26,110,4,17,14
GENE0136,308,299,340,311,557,402
GENE0137,231,703,459,202,369,1012
GENE0138,31,153,143,122,222,119
GENE0139,3,6,8,2,20,11
GENE0140,31,41,13,32,28,77
GENE0141,148,206,407,75,191,275
GENE0142,181,70,314,71,171,306
GENE0143,54,74,90,208,1079,937
GENE0144,1982,2199,5043,1622,1991,4087
GENE0145,34,14,22,12,61,54
GENE0146,162,175,356,191,309,212
GENE0147,252,470,434,243,611,631
GENE0148,105,197,240,49,183,370
GENE0149,841,574,828,639,711,2335
GENE0150,63,382,136,116,149,147
GENE0151,24,48,121,49,50,55
GENE0152,36,48,91,30,14,61
GENE0153,1138,805,1053,579,818,789
GENE0154,1,0,3,1,4,1
GENE0155,124,350,176,164,277,362
GENE0156,10,20,16,0,27,33
GENE0157,689,750,1386,748,1073,1001
GENE0158,1392,7348,2718,1499,2951,4311
GENE0159,63,172,114,72,116,198
GENE0160,1253,1840,1133,799,1899,1689
GENE0161,319,384,733,336,524,360
GENE0162,3294,5217,4710,2992,4729,6148
GENE0163,77,127,174,42,118,148
GENE0164,90,259,116,89,327,582
GENE0165,38,51,118,85,97,164
GENE0166,252,559,626,271,810,715
GENE0167,1211,2077,2113,1307,2518,1080
GENE0168,52,110,117,93,144,170
GENE0169,15042,18205,37268,10138,25608,20931
GENE0170,4891,7054,6315,2104,4460,7430
GENE0171,526,868,1013,478,583,1154
GENE0172,231,506,738,224,519,537
GENE0173,7,73,12,19,41,42
GENE0174,2,30,26,7,6,20
GENE0175,132,353,393,225,229,614
GENE0176,11,29,28,13,56,62
GENE0177,2,0,1,10,8,3
GENE0178,264,255,352,149,378,312
GENE0179,1432,1930,1571,1481,1844,3241
GENE0180,207,188,388,248,401,508
GENE0181,37,71,167,5,14,35
GENE0182,18,35,36,45,20,55
GENE0183,35,34,39,72,75,257
GENE0184,172,165,170,64,165,280
GENE0185,156,174,279,65,201,192
GENE0186,131,182,187,83,95,140
GENE0187,76,46,28,27,16,42
GENE0188,11,41,8,26,4,22
GENE0189,493,772,1088,509,1605,3093
GENE0190,3,1,0,1,5,9
GENE0191,3226,3256,3501,1479,2847,3701
GENE0192,13,35,11,23,21,69
GENE0193,13,6,51,23,32,80
GENE0194,1,2,9,2,2,3
GENE0195,355,477,494,273,644,703
GENE0196,568,1039,1781,674,770,2069
GENE0197,12,45,35,28,51,87
GENE0198,24,26,29,13,15,15
GENE0199,162,256,622,219,240,367
GENE0200,13,41,51,9,133,55
GENE0201,887,498,948,304,766,1009
GENE0202,296,241,288,281,327,331
GENE0203,10,28,61,9,34,53
GENE0204,123,48,104,56,75,95
GENE0205,1729,4844,4803,2830,4250,4292
GENE0206,40,124,94,45,71,73
GENE0207,30,105,87,90,195,138
GENE0208,53,43,92,10,32,46
GENE0209,48,84,135,41,141,183
GENE0210,209,178,335,66,94,103
GENE0211,28,61,141,27,79,80
GENE0212,31,16,74,31,82,67
GENE0213,341,797,1255,271,1024,781
GENE0214,35,87,119,35,64,26
GENE0215,232,457,389,71,119,120
GENE0216,91,72,113,26,112,43
GENE0217,5,28,16,14,6,9
GENE0218,815,1550,1984,773,1868,1970
GENE0219,35,93,39,57,37,88
GENE0220,295,591,690,353,752,772
GENE0221,1186,2440,2081,1215,2353,4139
GENE0222,243,167,500,265,449,507
GENE0223,89,51,24,25,74,43
GENE0224,148,136,170,104,171,350
GENE0225,187,297,235,140,309,314
GENE0226,136,152,180,156,106,164
GENE0227,531,334,742,98,203,240
GENE0228,413,368,443,373,367,723
GENE0229,18,80,54,75,30,106
GENE0230,3,8,22,1,4,6
GENE0231,456,864,1048,499,1317,1116
GENE0232,203,333,312,170,472,260
GENE0233,5130,6095,5863,5069,3200,7273
GENE0234,1,32,18,10,14,35
GENE0235,1429,2571,1774,2077,2216,4285
GENE0236,63,24,124,29,78,50
GENE0237,149,225,184,112,249,335
GENE0238,448,651,1151,696,1026,1231
GENE0239,314,600,342,336,744,278
GENE0240,77,146,91,58,106,100
GENE0241,55,114,128,37,99,104
GENE0242,169,124,127,100,170,231
GENE0243,625,1234,965,455,994,1355
GENE0244,193,221,243,138,356,284
GENE0245,166,464,298,300,217,298
GENE0246,71,99,89,78,33,72
GENE0247,41,39,106,33,112,76
GENE0248,59,40,78,32,38,19
GENE0249,85,348,342,362,378,482
GENE0250,60,113,389,92,167,81
GENE0251,127,170,205,159,205,314
GENE0252,49,84,45,31,47,153
GENE0253,192,119,256,99,224,480
GENE0254,17,14,25,4,35,32
GENE0255,313,203,640,345,464,907
GENE0256,135,172,291,112,221,447
GENE0257,263,454,479,256,544,509
GENE0258,245,729,499,260,302,476
GENE0259,3,9,3,3,2,35
GENE0260,382,329,990,564,1108,1192
GENE0261,1540,851,2917,1298,2549,1283
GENE0262,1176,2389,1758,1798,1765,3088
GENE0263,87,114,111,176,170,80
GENE0264,461,871,1483,390,1004,2247
GENE0265,49,44,48,53,36,53
GENE0266,146,108,229,81,508,280
GENE0267,65,201,210,74,177,172
GENE0268,737,1503,1895,626,1566,1686
GENE0269,2442,3511,6732,1838,4152,8739
GENE0270,66,57,127,43,30,77
GENE0271,36,69,117,95,169,97
GENE0272,603,1036,767,669,1212,1570
GENE0273,176,86,239,103,221,174
GENE0274,26,147,135,18,115,73
GENE0275,369,715,551,252,678,671
GENE0276,310,311,270,240,604,291
GENE0277,396,356,525,480,585,780
GENE0278,488,2079,2168,452,583,2084
GENE0279,29,22,40,5,29,25
GENE0280,347,512,789,290,442,546
GENE0281,87,179,194,153,193,179
GENE0282,526,580,542,435,599,1534
GENE0283,658,709,682,595,605,653
GENE0284,108,127,97,141,285,175
GENE0285,5,20,18,16,18,4
GENE0286,39,26,59,19,40,111
GENE0287,957,851,441,449,942,730
GENE0288,134,267,374,122,157,270
GENE0289,70,54,278,85,97,115
GENE0290,68,42,64,31,41,34
GENE0291,15,60,33,57,26,85
GENE0292,4,14,2,0,14,22
GENE0293,36,48,15,20,46,52
GENE0294,85,135,149,63,200,149
GENE0295,33,118,37,50,25,43
GENE0296,953,1601,1272,1145,1513,2610
GENE0297,140,385,414,180,124,422
GENE0298,95,151,318,72,200,607
GENE0299,73,61,95,66,163,40
GENE0300,507,556,476,266,580,636
GENE0301,82,553,266,181,408,271
GENE0302,139,143,114,213,218,189
GENE0303,390,360,535,243,340,913
GENE0304,44,43,21,33,72,137
GENE0305,145,190,170,103,354,312
GENE0306,795,2159,2538,1396,1721,2203
GENE0307,62,59,36,22,46,64
GENE0308,72,205,149,147,317,342
GENE0309,3063,6437,4849,3722,7368,5482
GENE0310,442,774,1145,594,764,790
GENE0311,416,255,522,306,577,630
GENE0312,30,96,54,48,66,49
GENE0313,299,311,606,363,513,579
GENE0314,207,794,468,154,443,722
GENE0315,5,6,7,9,6,9
GENE0316,9,32,12,13,9,17
GENE0317,172,649,354,272,248,272
GENE0318,41,40,96,26,86,94
GENE0319,102,317,307,103,174,147
GENE0320,35,7,45,3,67,97
GENE0321,152,171,273,184,356,665
GENE0322,23,42,76,40,20,43
GENE0323,136,211,185,110,226,271
GENE0324,155,113,173,44,163,117
GENE0325,1106,917,2370,890,1835,2112
GENE0326,68,147,240,99,281,170
GENE0327,233,180,339,135,260,361
GENE0328,889,1452,1304,2758,8927,8699
GENE0329,77,400,343,222,289,265
GENE0330,61,152,77,113,166,141
GENE0331,43,98,29,88,77,21
GENE0332,274,320,324,134,203,253
GENE0333,1,11,9,0,3,1
GENE0334,566,271,1030,430,842,1316
GENE0335,631,1097,920,685,1251,2476
GENE0336,139,209,133,26,187,199
GENE0337,49,44,82,55,33,94
GENE0338,276,539,324,176,492,398
GENE0339,44,173,110,72,90,161
GENE0340,20,26,20,15,60,109
GENE0341,307,365,954,305,1030,739
GENE0342,295,322,450,253,362,353
GENE0343,5,3,6,2,14,10
GENE0344,476,795,666,370,692,882
GENE0345,10,20,15,4,18,27
GENE0346,44,27,44,10,50,14
GENE0347,102,143,337,140,146,230
GENE0348,568,493,571,229,374,449
GENE0349,143,217,572,131,198,531
GENE0350,86,95,70,81,113,136
GENE0351,22,55,55,47,60,26
GENE0352,65,72,105,26,93,43
GENE0353,45,91,69,56,70,77
GENE0354,314,645,760,488,1076,1249
GENE0355,85,150,82,105,84,203
GENE0356,26,102,47,18,52,123
GENE0357,37,266,316,336,586,582
GENE0358,40,31,119,29,96,129
GENE0359,1241,1014,906,592,1172,1032
GENE0360,138,184,264,184,312,385
GENE0361,7,17,21,12,30,17
GENE0362,398,349,839,217,754,397
GENE0363,169,293,270,72,144,375
GENE0364,118,79,88,59,33,133
GENE0365,88,57,69,96,75,197
GENE0366,112,144,61,48,121,107
GENE0367,149,368,250,67,270,163
GENE0368,18,75,123,20,63,67
GENE0369,262,620,581,168,486,540
GENE0370,5,30,26,19,89,8
GENE0371,125,379,305,134,397,281
GENE0372,750,1045,1147,478,2434,1299
GENE0373,143,153,385,305,429,324
GENE0374,1527,2315,4693,2091,2722,2245
GENE0375,330,265,558,262,490,780
GENE0376,604,924,2226,586,999,1642
GENE0377,990,1043,1571,676,1069,1681
GENE0378,235,540,402,104,260,264
GENE0379,504,1325,1785,948,1860,1842
GENE0380,248,336,179,213,292,384
GENE0381,13,28,45,57,129,251
GENE0382,1071,3050,4127,1653,2617,4823
GENE0383,167,661,808,107,344,751
GENE0384,103,347,398,300,322,402
GENE0385,24,67,157,45,42,47
GENE0386,197,136,376,95,174,207
GENE0387,107,577,98,215,139,135
GENE0388,1737,2360,3526,1916,3918,4021
GENE0389,356,404,630,357,453,641
GENE0390,102,204,337,247,156,315
GENE0391,246,450,537,502,651,888
GENE0392,13,43,21,17,88,28
GENE0393,20,42,16,29,33,48
GENE0394,84,101,250,56,57,135
GENE0395,1017,3792,2913,2424,2624,1504
GENE0396,324,950,1568,453,639,719
GENE0397,445,605,604,178,617,652
GENE0398,430,568,1157,437,707,798
GENE0399,452,813,1146,878,527,772
GENE0400,4956,5655,6061,4381,11145,5433
GENE0401,217,285,276,106,167,687
GENE0402,191,341,242,112,340,292
GENE0403,36,17,151,37,135,36
GENE0404,191,282,465,353,1952,803
GENE0405,4,37,23,12,98,30
GENE0406,286,402,260,192,517,401
GENE0407,41,47,110,81,95,68
GENE0408,540,450,1192,284,522,894
GENE0409,1100,1857,2853,2299,2510,3319
GENE0410,237,228,223,137,295,502
GENE0411,89,162,145,55,110,164
GENE0412,23,7,51,8,19,28
GENE0413,21,48,33,14,23,61
GENE0414,21,50,37,35,57,89
GENE0415,48,36,125,71,37,44
GENE0416,111,27,178,81,93,189
GENE0417,1,12,35,2,23,24
GENE0418,222,674,727,397,804,607
GENE0419,91,249,154,83,184,380
GENE0420,387,525,646,206,549,575
GENE0421,2,1,17,4,9,9
GENE0422,338,623,866,807,784,1007
GENE0423,54,108,115,70,56,249
GENE0424,12,18,26,27,24,13
GENE0425,128,206,295,121,209,265
GENE0426,713,2322,1445,553,1954,2235
GENE0427,168,119,250,282,129,301
GENE0428,9,63,62,2,5,35
GENE0429,123,272,420,136,270,256
GENE0430,126,221,490,97,208,155
GENE0431,1021,2187,4358,1607,2565,2602
GENE0432,26,21,96,38,106,82
GENE0433,200,92,700,87,132,484
GENE0434,54,53,46,24,26,28
GENE0435,264,445,1020,485,623,1440
GENE0436,405,942,1398,407,1413,633
GENE0437,707,1178,782,903,1195,1882
GENE0438,116,100,137,185,391,425
GENE0439,2726,2807,5324,2270,3333,6477
GENE0440,820,1412,3059,856,1162,1728
GENE0441,30,32,113,39,50,39
GENE0442,40,142,195,94,120,229
GENE0443,193,292,383,208,312,720
GENE0444,203,152,202,90,215,173
GENE0445,458,1362,2173,915,1202,1176
GENE0446,73,48,254,63,162,316
GENE0447,164,565,815,276,366,699
GENE0448,222,230,543,244,387,388
GENE0449,36,108,97,71,234,148
GENE0450,301,608,1099,498,541,676
GENE0451,178,256,262,270,269,487
GENE0452,279,325,317,113,213,317
GENE0453,90,142,99,57,108,93
GENE0454,205,207,118,137,100,114
GENE0455,431,562,510,235,278,818
GENE0456,521,966,2125,799,1438,1092
GENE0457,72,51,144,190,162,92
GENE0458,270,662,299,400,703,666
GENE0459,277,138,392,123,704,458
GENE0460,79,134,251,66,64,236
GENE0461,1018,891,987,1056,1634,1670
GENE0462,38,17,58,0,28,30
GENE0463,789,638,1300,574,595,1150
GENE0464,151,226,177,249,136,293
GENE0465,15,46,33,28,29,29
GENE0466,15,15,9,3,8,9
GENE0467,17,54,30,29,48,34
GENE0468,23,134,127,35,40,120
GENE0469,6323,7700,9947,6643,8811,14103
GENE0470,12,4,38,40,56,36
GENE0471,2967,7219,8016,3556,3671,11310
GENE0472,9,2,25,4,4,14
GENE0473,89,123,134,49,90,173
GENE0474,37,42,52,56,52,130
GENE0475,269,905,1454,591,1562,809
GENE0476,1597,1559,2319,873,2124,1599
GENE0477,40,82,126,29,61,57
GENE0478,522,628,601,172,685,544
GENE0479,15,41,28,23,28,88
GENE0480,10,93,132,48,80,190
GENE0481,0,4,0,4,7,3
GENE0482,53,46,71,18,52,34
GENE0483,7,5,2,7,11,13
GENE0484,283,335,333,214,379,232
GENE0485,305,585,662,275,329,540
GENE0486,32,23,74,11,83,39
GENE0487,93,80,36,78,118,60
GENE0488,38,51,55,17,42,109
GENE0489,54,81,113,60,72,113
GENE0490,172,609,566,266,360,599
GENE0491,27,49,125,21,44,67
GENE0492,133,109,285,121,131,120
GENE0493,101,241,131,89,97,236
GENE0494,38,106,132,56,107,112
GENE0495,104,79,107,122,138,198
GENE0496,88,179,224,139,238,51
GENE0497,1669,1730,2641,721,1665,1633
GENE0498,120,155,145,56,123,239
GENE0499,58,80,258,69,52,186
GENE0500,150,225,475,176,381,245
GENE0501,58,329,458,321,301,675
GENE0502,23,50,33,26,70,45
GENE0503,17,15,12,14,32,43
GENE0504,130,170,199,77,98,54
GENE0505,579,1580,3411,1023,1278,1369
GENE0506,106,148,306,169,274,197
GENE0507,892,1205,2516,733,1928,2458
GENE0508,189,481,229,119,563,206
GENE0509,960,2586,2477,1308,2501,2795
GENE0510,471,399,490,214,687,966
GENE0511,55,43,199,75,56,139
GENE0512,1152,1454,2298,522,545,1267
GENE0513,11,13,11,16,19,21
GENE0514,128,126,238,59,196,286
GENE0515,208,413,382,225,399,787
GENE0516,19,28,22,21,35,11
GENE0517,181,301,302,188,181,286
GENE0518,28,39,85,13,23,65
GENE0519,105,178,188,120,197,197
GENE0520,49,17,89,10,54,114
GENE0521,33,50,87,66,115,86
GENE0522,197,220,216,67,228,397
GENE0523,1634,3412,1877,1732,2844,3430
GENE0524,70,44,90,58,97,103
GENE0525,67,173,144,108,209,291
GENE0526,133,113,158,96,250,442
GENE0527,24,53,41,8,73,61
GENE0528,11,25,22,4,36,10
GENE0529,1861,2474,2591,1124,1693,2018
GENE0530,101,364,163,1113,992,875
GENE0531,113,210,156,70,134,231
GENE0532,578,207,1002,230,530,436
GENE0533,5,70,42,6,12,56
GENE0534,15,22,8,10,28,8
GENE0535,30,27,90,88,23,114
GENE0536,652,679,1464,725,1327,1589
GENE0537,162,335,310,301,494,350
GENE0538,992,1134,816,840,1416,3108
GENE0539,162,193,566,215,422,370
GENE0540,44,19,46,13,24,99
GENE0541,859,1568,1216,588,1044,1246
GENE0542,1963,2898,3051,1479,2170,1919
GENE0543,11,17,40,16,60,56
GENE0544,9,16,32,3,17,37
GENE0545,229,506,884,378,501,635
GENE0546,735,1078,1281,989,1751,2318
GENE0547,359,770,808,705,704,612
GENE0548,1611,2016,2234,820,1783,2369
GENE0549,27,15,3,16,43,93
GENE0550,4062,4251,10294,1311,7487,6125
GENE0551,16,21,61,14,62,48
GENE0552,934,1691,1601,212,420,364
GENE0553,567,972,1986,741,1391,2101
GENE0554,709,505,924,703,1142,1428
GENE0555,25,68,101,29,55,101
GENE0556,367,603,477,353,443,819
GENE0557,3335,3720,2802,2448,3880,5482
GENE0558,8,3,12,5,4,7
GENE0559,1729,3884,4391,2408,6187,5345
GENE0560,110,82,73,156,170,306
GENE0561,7688,6284,14718,6345,9814,10981
GENE0562,356,249,329,283,545,570
GENE0563,792,1334,1001,419,1161,867
GENE0564,781,1622,2516,1193,1604,1861
GENE0565,44,50,53,55,245,365
GENE0566,579,893,963,288,708,1097
GENE0567,37,16,52,18,25,29
GENE0568,87,128,106,27,62,182
GENE0569,99,357,245,64,70,75
GENE0570,132,130,188,148,183,51
GENE0571,667,785,1678,460,992,2204
GENE0572,60,61,33,101,117,118
GENE0573,33,87,99,96,105,183
GENE0574,644,999,1467,591,642,935
GENE0575,619,1122,974,641,632,1404
GENE0576,493,717,1032,728,1752,2503
GENE0577,239,264,397,107,194,414
GENE0578,687,3531,2207,698,3015,2726
GENE0579,530,1069,628,653,2373,1951
GENE0580,433,369,489,646,573,1105
GENE0581,3304,2050,3900,1844,3525,4941
GENE0582,2219,4706,2303,1711,1964,1978
GENE0583,218,158,186,170,292,322
GENE0584,146,412,241,356,315,533
GENE0585,77,162,152,138,90,292
GENE0586,79,115,153,50,130,179
GENE0587,99,219,216,239,438,446
GENE0588,318,432,364,346,702,516
GENE0589,43,109,152,46,56,162
GENE0590,26,56,76,62,67,129
GENE0591,9,31,15,5,23,2
GENE0592,8,15,46,37,51,147
GENE0593,38,78,140,29,57,110
GENE0594,47,325,243,100,247,335
GENE0595,1289,2685,3612,1998,3633,4632
GENE0596,507,553,545,391,784,573
GENE0597,140,143,286,158,417,264
GENE0598,5,39,19,4,25,18
GENE0599,162,206,169,104,221,249
GENE0600,826,905,547,398,1348,1065
GENE0601,396,105,482,232,206,314
GENE0602,7,8,12,7,12,28
GENE0603,197,553,517,373,737,346
GENE0604,64,22,56,22,21,177
GENE0605,39,97,71,36,15,131
GENE0606,5,16,8,0,0,15
GENE0607,2160,3429,1969,965,3272,2826
GENE0608,429,1367,1073,708,1359,1886
GENE0609,69,114,191,90,190,119
GENE0610,537,1606,898,885,831,1192
GENE0611,11,94,44,12,16,46
GENE0612,772,868,1882,1695,3805,3011
GENE0613,60,58,38,56,89,117
GENE0614,204,168,152,83,142,128
GENE0615,61,317,223,48,114,224
GENE0616,641,886,1417,712,1119,1564
GENE0617,49,29,18,32,42,9
GENE0618,579,1430,1927,1224,1228,2581
GENE0619,320,510,364,668,661,1260
GENE0620,320,634,710,918,2952,4133
GENE0621,8,23,31,15,32,75
GENE0622,2118,1847,3890,2794,2316,4493
GENE0623,43,130,32,38,38,138
GENE0624,143,35,229,84,157,189
GENE0625,76,109,92,31,81,162
GENE0626,272,326,220,158,257,197
GENE0627,6,2,21,4,9,33
GENE0628,583,617,504,161,485,408
GENE0629,83,124,40,81,116,165
GENE0630,286,919,571,503,402,687
GENE0631,750,1535,1285,698,1377,995
GENE0632,197,227,534,163,399,202
GENE0633,87,185,315,181,261,225
GENE0634,192,178,160,96,294,129
GENE0635,53,104,200,81,47,135
GENE0636,124,436,358,139,293,317
GENE0637,266,492,535,202,498,1147
GENE0638,3966,6011,5422,3633,8173,8001
GENE0639,378,140,553,252,289,520
GENE0640,194,368,463,254,337,439
GENE0641,611,419,1027,566,1179,960
GENE0642,66,16,29,42,83,127
GENE0643,35,40,56,47,91,38
GENE0644,110,91,112,80,303,106
GENE0645,96,198,131,35,171,289
GENE0646,148,87,225,106,164,290
GENE0647,8,28,60,28,33,74
GENE0648,196,508,254,86,486,474
GENE0649,37,33,26,41,46,51
GENE0650,487,297,370,276,465,907
GENE0651,70,103,78,69,97,270
GENE0652,151,279,436,322,152,534
GENE0653,143,286,491,184,192,222
GENE0654,16,3,12,5,24,7
GENE0655,69,121,227,135,143,42
GENE0656,38,19,51,46,32,39
GENE0657,5456,8880,5733,3898,5569,10315
GENE0658,1,7,13,5,12,49
GENE0659,952,1958,1714,853,1428,2957
GENE0660,5,1,5,2,12,7
GENE0661,3467,5710,7969,3869,8174,9253
GENE0662,237,396,608,388,463,593
GENE0663,137,149,254,83,177,243
GENE0664,43,60,31,34,30,115
GENE0665,83,90,21,88,90,81
GENE0666,7,22,13,19,15,30
GENE0667,1168,1984,1775,1290,1243,2642
GENE0668,39,106,223,67,60,68
GENE0669,185,510,279,255,634,395
GENE0670,116,156,123,31,75,82
GENE0671,457,655,588,554,481,796
GENE0672,981,2046,1464,962,912,2121
GENE0673,116,78,173,82,196,129
GENE0674,7,21,11,16,18,47
GENE0675,42,158,139,42,69,126
GENE0676,16,9,22,15,21,26
GENE0677,141,242,169,28,184,258
GENE0678,194,285,411,257,203,205
GENE0679,213,233,333,69,323,506
GENE0680,2252,3062,4113,2415,2837,3066
GENE0681,969,1924,1604,674,1265,1247
GENE0682,285,509,1088,352,1124,713
GENE0683,37,46,15,19,19,37
GENE0684,229,664,722,388,373,419
GENE0685,232,359,446,181,207,542
GENE0686,461,611,523,418,1032,1335
GENE0687,525,770,407,223,504,721
GENE0688,4829,5046,10712,4244,7320,7863
GENE0689,496,835,691,499,677,1132
GENE0690,1305,884,1846,586,1198,1200
GENE0691,2033,2388,3797,2334,3988,3986
GENE0692,5,6,15,2,10,14
GENE0693,101,90,96,71,79,119
GENE0694,10,10,22,42,11,87
GENE0695,15,65,14,30,38,101
GENE0696,117,134,144,84,132,161
GENE0697,202,736,610,499,988,1095
GENE0698,750,758,1353,678,1793,1372
GENE0699,312,1029,292,312,894,472
GENE0700,4857,5458,10698,6544,9407,9719
GENE0701,15,54,51,2,6,10
GENE0702,153,131,136,39,124,130
GENE0703,183,197,389,215,210,521
GENE0704,39,29,54,48,56,118
GENE0705,31,103,73,53,76,75
GENE0706,2130,4231,3301,3570,4021,6044
GENE0707,32,38,113,86,55,174
GENE0708,72,154,165,64,125,290
GENE0709,24,43,32,23,12,18
GENE0710,21,60,36,14,43,41
GENE0711,82,75,69,47,63,148
GENE0712,4,6,16,7,14,2
GENE0713,77,164,356,74,131,304
GENE0714,1865,6088,6656,1922,3446,7399
GENE0715,108,117,165,104,73,232
GENE0716,45,32,121,30,74,62
GENE0717,275,504,356,133,232,437
GENE0718,6,46,8,22,27,78
GENE0719,40,17,30,10,32,3
GENE0720,2,7,26,19,12,36
GENE0721,186,121,353,208,325,243
GENE0722,1028,1732,914,884,1175,1475
GENE0723,110,138,216,83,224,252
GENE0724,16,27,14,3,19,30
GENE0725,27,104,60,51,46,80
GENE0726,137,122,90,180,133,165
GENE0727,865,1318,3743,1189,2773,2689
GENE0728,775,1373,2087,1169,1322,1181
GENE0729,1564,1470,2645,1406,1602,4213
GENE0730,714,969,967,773,785,1866
GENE0731,52,83,109,105,89,102
GENE0732,368,457,707,501,661,597
GENE0733,435,689,410,497,450,406
GENE0734,248,357,260,257,188,408
GENE0735,29,44,83,34,43,58
GENE0736,821,911,974,603,1224,1707
GENE0737,677,1911,1731,1011,2173,2575
GENE0738,473,1711,3079,1009,660,1373
GENE0739,2485,3332,2516,963,2187,3066
GENE0740,2,2,6,1,6,3
GENE0741,80,76,168,61,154,88
GENE0742,210,209,306,161,257,334
GENE0743,77,303,177,81,185,131
GENE0744,207,214,303,238,590,204
GENE0745,578,868,1561,1063,1488,2087
GENE0746,157,180,141,53,121,138
GENE0747,34,139,147,45,210,121
GENE0748,941,1763,1358,1162,2261,1308
GENE0749,128,96,204,67,108,397
GENE0750,378,1072,1535,552,1059,1278
GENE0751,803,614,679,611,607,853
GENE0752,239,425,801,217,608,373
GENE0753,9,19,21,9,12,8
GENE0754,70,55,205,106,104,131
GENE0755,1173,1186,922,479,1296,1070
GENE0756,1284,1157,1744,481,2799,1665
GENE0757,2106,2250,2837,942,2953,4132
GENE0758,148,152,103,167,209,324
GENE0759,3710,8223,9638,4889,6638,8095
GENE0760,221,370,369,183,408,712
GENE0761,54,101,120,25,118,126
GENE0762,712,1111,966,895,1268,1077
GENE0763,39,67,47,36,89,57
GENE0764,414,263,324,268,559,493
GENE0765,832,1169,1732,611,1402,1695
GENE0766,201,154,156,280,391,577
GENE0767,36,87,64,147,395,374
GENE0768,572,1235,2457,1047,1797,1848
GENE0769,17,13,22,15,6,22
GENE0770,1692,2690,2273,2029,2013,4047
GENE0771,371,1042,1356,443,774,952
GENE0772,15,18,42,27,51,24
GENE0773,85,162,178,27,123,113
GENE0774,439,1412,1191,656,932,1630
GENE0775,59,136,266,74,358,358
GENE0776,60,48,18,21,10,83
GENE0777,881,1237,866,421,1365,1155
GENE0778,170,106,134,214,324,738
GENE0779,148,220,296,344,363,404
GENE0780,7,31,10,5,6,40
GENE0781,1487,2880,2537,2190,3804,2487
GENE0782,143,120,322,118,393,286
GENE0783,6,3,10,5,11,28
GENE0784,10,5,55,7,11,17
GENE0785,53,136,67,72,120,214
GENE0786,1377,1055,1209,391,1091,1628
GENE0787,1236,1357,2625,1218,1669,2121
GENE0788,4,22,66,5,14,30
GENE0789,18,31,68,17,28,62
GENE0790,523,402,589,478,870,557
GENE0791,171,258,200,222,79,397
GENE0792,159,189,443,249,321,347
GENE0793,1181,2292,2439,1145,1376,1464
GENE0794,105,179,440,104,132,203
GENE0795,112,252,133,66,154,183
GENE0796,139,183,405,297,335,149
GENE0797,494,308,301,289,672,441
GENE0798,1477,1911,2475,1423,2262,2338
GENE0799,52,15,107,49,228,85
GENE0800,189,293,505,220,490,462
GENE0801,156,108,202,119,183,143
GENE0802,389,554,480,215,869,689
GENE0803,1043,1100,1169,531,1456,1108
GENE0804,2373,3539,2879,1514,3664,4353
GENE0805,2,22,28,24,37,17
GENE0806,149,446,247,213,121,307
GENE0807,797,1466,1386,1640,1801,2161
GENE0808,29,15,22,22,49,19
GENE0809,147,336,245,152,209,278
GENE0810,50,47,103,72,67,191
GENE0811,479,646,1043,449,558,469
GENE0812,781,1093,1523,408,1276,1130
GENE0813,27,26,61,53,34,23
GENE0814,22,123,64,20,60,105
GENE0815,4,5,31,14,7,53
GENE0816,161,109,128,31,139,196
GENE0817,221,178,228,107,122,144
GENE0818,501,770,1019,496,1071,1870
GENE0819,133,138,125,220,132,307
GENE0820,35,48,139,55,71,60
GENE0821,137,140,216,70,192,392
GENE0822,47,68,72,131,58,84
GENE0823,12,31,38,34,29,33
GENE0824,916,1679,2134,223,662,585
GENE0825,40,37,83,19,45,38
GENE0826,22,28,76,30,81,29
GENE0827,87,186,99,81,82,150
GENE0828,39,16,80,32,42,63
GENE0829,1280,1933,3169,1411,3167,2345
GENE0830,128,166,224,149,404,229
GENE0831,791,1266,895,673,1208,1692
GENE0832,19,36,49,26,82,87
GENE0833,273,204,422,386,1348,1076
GENE0834,1403,2469,1953,1794,1673,2121
GENE0835,42,23,160,87,104,78
GENE0836,573,794,872,657,758,1459
GENE0837,74,234,180,186,151,215
GENE0838,276,354,696,283,315,515
GENE0839,127,97,178,87,207,173
GENE0840,115,131,97,59,240,93
GENE0841,111,89,109,146,207,306
GENE0842,59,89,14,115,106,116
GENE0843,2,11,13,10,15,15
GENE0844,27,39,73,58,129,78
GENE0845,216,208,592,192,291,292
GENE0846,77,196,89,75,114,133
GENE0847,1812,907,1865,1067,1095,1561
GENE0848,476,770,787,504,1091,1319
GENE0849,555,777,1326,467,1133,1577
GENE0850,8,12,7,2,12,6
GENE0851,286,353,351,166,257,456
GENE0852,898,1691,1831,1200,2017,1588
GENE0853,135,191,213,120,250,438
GENE0854,35,101,68,27,113,116
GENE0855,2515,3137,6502,1876,4619,2981
GENE0856,11,10,13,2,13,17
GENE0857,703,2359,1815,1499,1542,1947
GENE0858,176,340,566,99,381,295
GENE0859,83,109,190,98,328,78
GENE0860,1308,1966,2275,832,940,2758
GENE0861,48,13,8,23,13,17
GENE0862,686,1533,545,773,1123,1226
GENE0863,70,106,102,96,89,285
GENE0864,23,61,51,37,54,128
GENE0865,359,244,498,223,536,585
GENE0866,15,82,97,45,14,13
GENE0867,40,43,20,31,29,39
GENE0868,194,442,428,299,529,829
GENE0869,170,271,136,56,108,201
GENE0870,289,378,556,230,436,217
GENE0871,58,165,158,48,76,132
GENE0872,28,67,199,119,98,187
GENE0873,123,111,195,97,228,158
GENE0874,144,168,89,129,209,352
GENE0875,40,221,160,45,131,103
GENE0876,9,36,45,2,11,6
GENE0877,74,109,132,24,78,191
GENE0878,35,71,85,17,51,24
GENE0879,464,539,539,309,305,1318
GENE0880,55,151,155,129,224,147
GENE0881,1092,1901,1844,1195,1996,3032
GENE0882,26,35,41,12,31,17
GENE0883,56,92,95,120,60,115
GENE0884,107,91,60,47,45,95
GENE0885,329,349,190,223,270,415
GENE0886,388,563,617,386,537,681
GENE0887,82,112,280,65,124,280
GENE0888,575,647,720,402,841,732
GENE0889,29,94,134,32,41,32
GENE0890,34,52,40,21,23,37
GENE0891,276,207,455,105,163,262
GENE0892,16,42,31,33,32,56
GENE0893,129,213,230,65,265,250
GENE0894,10768,11957,14791,4757,11401,6913
GENE0895,164,164,180,135,143,242
GENE0896,489,415,1168,372,1204,1795
GENE0897,36,69,120,72,216,63
GENE0898,918,2247,3186,1668,1526,2529
GENE0899,86,146,153,11,169,307
GENE0900,212,500,644,172,141,278
GENE0901,26,49,57,72,226,108
GENE0902,180,105,143,117,170,271
GENE0903,820,1695,1481,269,2525,1587
GENE0904,75,90,104,24,80,179
GENE0905,1108,817,1009,607,556,1780
GENE0906,899,844,731,951,457,948
GENE0907,27,75,53,47,19,27
GENE0908,427,989,371,292,549,948
GENE0909,225,806,515,444,335,459
GENE0910,24,23,22,2,25,6
GENE0911,11,22,47,16,41,4
GENE0912,289,780,830,318,985,684
GENE0913,43,33,84,63,37,95
GENE0914,2551,1451,3214,1411,6857,5378
GENE0915,1004,752,801,363,891,1041
GENE0916,126,195,303,106,192,286
GENE0917,235,98,248,102,173,192
GENE0918,8,11,23,11,13,8
GENE0919,99,86,109,128,136,197
GENE0920,135,192,182,186,168,121
GENE0921,43,130,131,125,69,27
GENE0922,0,0,0,0,0,0
GENE0923,2086,1710,3116,1821,3193,2016
GENE0924,15,35,10,21,24,42
GENE0925,129,224,142,44,44,71
GENE0926,46,47,41,48,101,44
GENE0927,378,1449,973,837,570,884
GENE0928,265,301,937,296,516,673
GENE0929,248,315,302,221,333,289
GENE0930,171,774,512,315,699,601
GENE0931,12,14,68,19,15,46
GENE0932,288,254,235,179,405,356
GENE0933,337,119,527,103,267,237
GENE0934,295,346,579,174,658,310
GENE0935,105,343,407,184,217,433
GENE0936,29,38,40,7,50,149
GENE0937,43,107,67,23,13,151
GENE0938,181,434,682,168,309,469
GENE0939,171,302,513,291,457,572
GENE0940,511,1150,1127,401,802,998
GENE0941,11,7,6,22,8,12
GENE0942,635,729,604,276,1327,875
GENE0943,11,65,67,52,43,98
GENE0944,52,41,153,150,187,54
GENE0945,4495,4356,3645,1252,3132,5191
GENE0946,862,894,1881,978,1499,944
GENE0947,293,224,672,269,561,465
GENE0948,315,742,493,132,563,533
GENE0949,1381,1699,2963,5057,9299,12591
GENE0950,101,139,216,42,55,108
GENE0951,44,55,48,18,68,177
GENE0952,145,238,268,197,506,378
GENE0953,21,44,31,11,20,37
GENE0954,630,1096,1049,600,897,2075
GENE0955,66,120,91,47,92,91
GENE0956,69,62,98,108,130,243
GENE0957,15,34,57,16,27,22
GENE0958,21,47,63,26,18,82
GENE0959,196,420,484,304,394,499
GENE0960,1901,2894,1931,1068,1564,2941
GENE0961,4,1,24,5,3,11
GENE0962,29,49,95,61,84,57
GENE0963,31,60,35,17,62,8
GENE0964,511,525,1496,569,1428,1581
GENE0965,1362,5550,4349,1643,3278,3431
GENE0966,1705,1999,2027,1015,2214,1908
GENE0967,141,548,751,105,347,715
GENE0968,158,254,312,96,185,330
GENE0969,6,35,32,4,10,7
GENE0970,162,186,273,94,177,205
GENE0971,203,237,263,245,254,651
GENE0972,87,89,73,82,70,94
GENE0973,1383,1961,1299,905,1258,1123
GENE0974,119,340,100,73,267,353
GENE0975,149,122,242,115,121,184
GENE0976,849,1362,1142,355,1100,741
GENE0977,7,21,11,15,10,49
GENE0978,54,220,150,105,138,248
GENE0979,108,278,228,212,351,441
GENE0980,16,56,6,0,8,10
GENE0981,121,186,218,73,286,273
GENE0982,2268,5320,3967,2830,2913,9290
GENE0983,362,502,695,468,818,400
GENE0984,27,64,66,53,71,66
GENE0985,34,160,157,39,67,160
GENE0986,221,487,550,291,372,300
GENE0987,5,10,28,1,13,2
GENE0988,35,33,57,14,42,76
GENE0989,793,1613,1335,392,1089,2492
GENE0990,137,92,243,78,185,322
GENE0991,21,27,53,25,69,33
GENE0992,1969,3369,1831,1923,2283,2998
GENE0993,12,91,8,24,25,25
GENE0994,75,129,158,104,116,161
GENE0995,64,80,103,89,148,169
GENE0996,154,176,249,38,206,167
GENE0997,1838,2036,3535,2234,5844,9171
GENE0998,548,1140,2687,1535,1886,1709
GENE0999,82,161,128,174,227,582
GENE1000,10,0,27,4,21,7
GENE1001,204,401,519,215,386,358
GENE1002,338,481,828,265,607,752
GENE1003,239,361,746,105,150,291
GENE1004,52,102,347,149,337,114
GENE1005,69,154,59,56,118,216
GENE1006,411,406,832,250,451,810
GENE1007,59,105,121,63,103,48
GENE1008,161,119,463,87,274,353
GENE1009,1546,3163,4979,3242,3224,4716
GENE1010,96,738,374,340,301,560
GENE1011,94,729,435,179,446,820
GENE1012,57,62,76,27,18,120
GENE1013,89,85,33,63,78,189
GENE1014,177,94,213,86,242,174
GENE1015,15,86,55,25,26,48
GENE1016,49,102,146,41,225,74
GENE1017,63,346,450,160,287,341
GENE1018,234,219,539,338,193,535
GENE1019,54,98,142,35,29,116
GENE1020,8,7,14,2,20,10
GENE1021,38,41,32,17,62,61
GENE1022,31,37,56,53,67,17
GENE1023,7,8,12,2,21,36
GENE1024,455,484,349,650,329,617
GENE1025,67,62,35,40,140,38
GENE1026,58,85,84,95,77,97
GENE1027,321,874,362,535,530,877
GENE1028,435,429,449,174,412,657
GENE1029,42,19,97,33,55,116
GENE1030,186,450,405,269,327,223
GENE1031,373,484,804,366,544,445
GENE1032,46,74,69,46,90,128
GENE1033,29,58,44,30,37,43
GENE1034,84,74,64,24,34,122
GENE1035,74,132,257,650,469,739
GENE1036,160,404,537,95,91,126
GENE1037,6,2,5,2,12,3
GENE1038,298,579,384,523,445,1197
GENE1039,54,187,80,35,139,83
GENE1040,126,120,328,36,30,76
GENE1041,1216,826,1321,735,2511,2197
GENE1042,2308,4939,5836,3049,3230,2417
GENE1043,15,8,17,7,0,41
GENE1044,7,5,3,0,2,8
GENE1045,1173,1515,2036,1301,1885,2573
GENE1046,743,824,1490,610,615,1203
GENE1047,39,59,110,61,109,85
GENE1048,3943,4310,3559,3694,3798,5233
GENE1049,141,266,190,89,280,200
GENE1050,20,1,14,4,31,8
GENE1051,32,212,262,51,134,177
GENE1052,700,679,601,509,1494,829
GENE1053,2487,4351,4640,1402,2651,4745
GENE1054,57,48,45,18,45,109
GENE1055,160,222,194,176,150,380
GENE1056,97,98,227,99,139,123
GENE1057,8,16,15,9,17,14
GENE1058,4855,8151,12451,4499,14310,16255
GENE1059,93,176,218,98,209,200
GENE1060,105,130,127,62,59,62
GENE1061,811,1559,1753,1408,1329,1697
GENE1062,8,26,25,12,54,25
GENE1063,50,52,125,39,72,17
GENE1064,188,408,551,313,1256,428
GENE1065,1173,819,1591,584,1500,1853
GENE1066,7,14,19,0,14,1
GENE1067,67,77,277,81,97,186
GENE1068,394,308,543,361,1001,592
GENE1069,75,28,75,28,73,44
GENE1070,1482,3513,4078,1015,3258,2929
GENE1071,310,671,405,244,827,857
GENE1072,830,1780,1926,1167,1358,2094
GENE1073,2,4,3,3,10,29
GENE1074,262,294,235,281,401,955
GENE1075,346,305,841,197,459,722
GENE1076,18,20,32,52,44,70
GENE1077,28,31,10,28,61,111
GENE1078,73,79,51,20,140,53
GENE1079,232,240,153,203,285,383
GENE1080,6,13,3,14,6,12
GENE1081,130,365,249,403,529,866
GENE1082,51,110,196,41,152,245
GENE1083,15,56,100,21,71,63
GENE1084,362,429,702,881,201,856
GENE1085,137,166,107,89,168,241
GENE1086,8,29,41,20,33,42
GENE1087,22,35,107,55,30,28
GENE1088,858,765,883,580,1218,1919
GENE1089,3,4,10,4,27,27
GENE1090,17,39,42,10,15,50
GENE1091,20,80,207,42,154,64
GENE1092,268,294,285,160,433,392
GENE1093,263,577,360,137,267,469
GENE1094,430,720,1111,376,739,717
GENE1095,5072,5901,6781,4101,5076,7166
GENE1096,718,1229,1021,1025,1513,2258
GENE1097,384,205,490,49,154,172
GENE1098,43,76,104,63,61,105
GENE1099,107,157,368,215,228,236
GENE1100,94,235,132,108,254,133
GENE1101,999,2251,1379,822,1373,2241
GENE1102,29,29,15,19,27,26
GENE1103,159,334,268,183,302,588
GENE1104,96,197,174,122,164,220
GENE1105,379,930,1638,423,752,958
GENE1106,131,228,304,342,316,347
GENE1107,163,141,156,36,249,238
GENE1108,78,154,129,98,90,92
GENE1109,1243,1687,1372,747,1375,1187
GENE1110,43,142,66,48,52,95
GENE1111,19,8,17,8,26,26
GENE1112,30,78,155,64,57,34
GENE1113,1172,576,1180,916,1465,1571
GENE1114,782,1178,1245,669,1594,1253
GENE1115,88,96,237,66,269,307
GENE1116,251,120,389,162,295,276
GENE1117,289,462,450,217,836,817
GENE1118,19,21,46,24,8,15
GENE1119,15,13,33,7,28,20
GENE1120,86,226,134,94,257,148
GENE1121,5101,9707,10402,3905,4585,5611
GENE1122,380,248,635,374,720,376
GENE1123,68,85,153,37,92,186
GENE1124,383,901,800,377,629,446
GENE1125,306,287,436,125,369,542
GENE1126,1095,653,1533,670,1919,2196
GENE1127,117,58,30,136,172,97
GENE1128,385,421,664,305,326,435
GENE1129,321,636,1490,560,601,1529
GENE1130,3,15,15,11,5,7
GENE1131,62,124,46,96,57,201
GENE1132,965,1459,2121,2573,4041,4673
GENE1133,128,166,290,21,118,129
GENE1134,26546,29654,33913,22775,32798,61301
GENE1135,3,2,1,1,0,0
GENE1136,392,161,254,124,268,237
GENE1137,65,130,229,149,567,207
GENE1138,315,651,404,204,351,829
GENE1139,132,300,700,172,523,990
GENE1140,1,25,5,20,27,23
GENE1141,223,305,533,356,1012,1308
GENE1142,55,158,133,56,117,244
GENE1143,87,187,454,59,148,102
GENE1144,746,1336,785,654,762,1187
GENE1145,55,116,149,68,93,91
GENE1146,466,1115,1129,461,550,866
GENE1147,29,141,124,92,70,188
GENE1148,86,134,82,114,141,99
GENE1149,776,1263,1433,494,1497,1103
GENE1150,212,515,217,169,129,293
GENE1151,34,33,30,32,120,67
GENE1152,13,96,56,29,21,60
GENE1153,338,898,1321,172,925,572
GENE1154,20,39,71,30,31,16
GENE1155,78,53,75,41,73,225
GENE1156,76,120,164,95,148,137
GENE1157,159,118,258,134,312,186
GENE1158,31,56,125,51,32,83
GENE1159,3,11,42,10,16,33
GENE1160,192,217,191,191,320,319
GENE1161,238,143,302,227,172,439
GENE1162,71,57,85,42,118,357
GENE1163,381,1134,1695,552,1210,909
GENE1164,28,20,38,12,21,35
GENE1165,609,1263,848,937,1005,2068
GENE1166,898,772,1406,777,1697,1659
GENE1167,165,104,170,118,82,386
GENE1168,1403,2652,4034,1468,1934,3060
GENE1169,27,36,86,64,121,107
GENE1170,145,292,304,98,327,357
GENE1171,390,334,298,155,360,818
GENE1172,432,450,270,113,425,838
GENE1173,2548,3092,3063,1374,1666,2148
GENE1174,91,202,173,62,507,213
GENE1175,34,69,80,64,75,51
GENE1176,17,24,24,6,11,71
GENE1177,383,433,1068,331,671,1118
GENE1178,29,42,37,50,111,86
GENE1179,26,113,52,47,175,74
GENE1180,197,629,330,174,350,591
GENE1181,41,200,220,95,184,285
GENE1182,58,60,156,51,109,55
GENE1183,320,560,676,386,619,347
GENE1184,637,1513,1864,1113,1848,1509
GENE1185,21,25,58,29,61,95
GENE1186,292,578,509,456,354,665
GENE1187,340,390,299,159,392,280
GENE1188,19,8,20,9,31,17
GENE1189,43,88,123,15,19,73
GENE1190,134,90,227,119,181,280
GENE1191,148,210,297,59,288,202
GENE1192,288,370,578,97,304,452
GENE1193,180,209,553,252,437,547
GENE1194,134,351,450,345,300,386
GENE1195,12,25,18,19,26,54
GENE1196,30,27,15,17,34,35
GENE1197,7546,7497,6467,6924,15201,14043
GENE1198,345,1364,1202,595,824,1493
GENE1199,332,508,603,205,788,711
GENE1200,229,227,459,271,438,316
GENE1201,82,141,149,54,154,253
GENE1202,1572,2090,1163,297,221,625
GENE1203,230,315,199,152,220,143
GENE1204,119,496,310,98,318,278
GENE1205,287,450,495,353,788,862
GENE1206,653,1280,1243,556,1523,1389
GENE1207,61,221,139,15,40,61
GENE1208,2406,5198,2929,3165,3708,3696
GENE1209,21,20,4,6,7,4
GENE1210,22,47,43,25,49,80
GENE1211,1577,1160,2459,924,949,1657
GENE1212,54,91,87,94,123,46
GENE1213,27,55,64,21,89,44
GENE1214,149,91,115,136,100,181
GENE1215,90,167,97,74,114,204
GENE1216,5,0,3,3,2,2
GENE1217,262,625,726,378,843,677
GENE1218,26,19,50,23,31,62
GENE1219,41,83,180,44,109,130
GENE1220,1164,950,3153,1151,1157,1453
GENE1221,18,18,24,15,52,36
GENE1222,915,800,694,614,2106,1497
GENE1223,599,1303,750,318,406,703
GENE1224,92,48,68,75,114,56
GENE1225,55,108,121,38,125,250
GENE1226,49,53,29,13,38,5
GENE1227,88,243,161,84,317,304
GENE1228,21,46,52,26,6,50
GENE1229,44,31,32,59,131,68
GENE1230,117,341,398,189,282,447
GENE1231,73,117,157,75,144,193
GENE1232,163,332,389,278,605,334
GENE1233,4930,3459,4420,3472,6750,6269
GENE1234,136,156,260,109,327,143
GENE1235,178,679,455,399,552,650
GENE1236,1604,1281,3125,967,2208,2428
GENE1237,866,1698,2417,690,1247,1706
GENE1238,9,22,46,13,17,65
GENE1239,1,2,17,1,2,10
GENE1240,48,35,80,11,37,109
GENE1241,2764,2487,2661,1837,2372,5449
GENE1242,91,141,253,124,47,185
GENE1243,1027,1508,842,1416,1089,1072
GENE1244,35,47,63,37,63,85
GENE1245,9,2,20,7,8,7
GENE1246,7,5,7,3,15,3
GENE1247,45,34,51,40,19,37
GENE1248,32,69,72,35,93,111
GENE1249,64,105,229,112,235,209
GENE1250,270,592,628,305,541,1275
GENE1251,85,82,122,71,91,68
GENE1252,33,33,60,55,30,79
GENE1253,129,219,478,22,34,34
GENE1254,48,171,148,33,294,320
GENE1255,291,656,1094,275,875,1024
GENE1256,7,11,7,1,15,7
GENE1257,39,66,85,21,74,27
GENE1258,120,127,124,97,233,196
GENE1259,0,6,19,1,16,2
GENE1260,113,177,305,83,417,282
GENE1261,169,267,195,93,80,89
GENE1262,75,32,285,73,76,122
GENE1263,27,95,231,55,111,93
GENE1264,133,181,297,109,208,315
GENE1265,289,495,223,197,601,299
GENE1266,282,731,574,359,312,883
GENE1267,5,20,30,12,38,97
GENE1268,3939,7175,10593,5269,7018,13026
GENE1269,64,114,27,21,57,33
GENE1270,72,112,163,95,71,190
GENE1271,338,521,591,246,526,688
GENE1272,1438,4653,5589,2788,5434,4759
GENE1273,46,96,79,47,93,68
GENE1274,545,772,918,659,1175,1400
GENE1275,31,83,54,51,60,184
GENE1276,1315,2091,3309,2273,3145,2671
GENE1277,5,94,22,12,48,55
GENE1278,22,79,75,56,99,56
GENE1279,82,164,258,57,75,103
GENE1280,18,27,27,16,60,33
GENE1281,21,37,66,28,34,21
GENE1282,107,230,246,176,304,126
GENE1283,428,411,415,155,432,364
GENE1284,31,93,119,30,46,90
GENE1285,74,208,173,213,72,328
GENE1286,190,404,823,546,237,643
GENE1287,73,74,115,155,228,139
GENE1288,128,190,298,165,174,202
GENE1289,19,18,14,6,17,14
GENE1290,231,378,413,217,171,557
GENE1291,8,56,13,6,39,45
GENE1292,51,34,110,63,96,78
GENE1293,16,65,46,12,86,112
GENE1294,16,75,38,30,38,85
GENE1295,29,22,23,16,37,31
GENE1296,358,397,969,609,461,385
GENE1297,1,0,23,10,30,7
GENE1298,11,95,98,32,41,65
GENE1299,76,202,100,44,88,137
GENE1300,103,127,327,129,289,351
GENE1301,548,334,682,455,664,523
GENE1302,445,947,623,564,779,1259
GENE1303,46,92,8,22,61,90
GENE1304,78,261,247,155,158,148
GENE1305,58,105,87,49,38,140
GENE1306,155,83,131,68,107,81
GENE1307,317,418,260,82,317,342
GENE1308,128,58,51,103,45,49
GENE1309,5,12,16,16,5,25
GENE1310,232,121,171,114,245,310
GENE1311,0,7,12,0,4,2
GENE1312,1070,1201,1542,693,946,1504
GENE1313,367,565,672,368,531,700
GENE1314,106,142,238,94,167,135
GENE1315,17,52,109,41,166,37
GENE1316,39,114,235,112,126,85
GENE1317,222,340,285,289,446,840
GENE1318,877,1157,1558,954,1078,1398
GENE1319,246,108,570,175,393,543
GENE1320,36,14,14,16,15,30
GENE1321,2201,1791,1375,1449,3019,3439
GENE1322,118,57,71,82,175,50
GENE1323,1038,2035,1669,592,1353,2106
GENE1324,181,262,220,133,165,295
GENE1325,728,1547,2250,1527,1213,1427
GENE1326,552,377,1270,494,963,627
GENE1327,419,844,778,320,682,703
GENE1328,522,719,1121,363,716,997
GENE1329,200,460,410,148,366,336
GENE1330,298,435,361,235,521,419
GENE1331,5559,5515,11211,3145,9529,11593
GENE1332,13,13,25,9,18,13
GENE1333,167,266,143,113,182,386
GENE1334,146,106,119,67,243,140
GENE1335,76,289,417,185,356,554
GENE1336,56,47,198,60,114,171
GENE1337,7,8,34,51,39,20
GENE1338,35,79,53,54,86,76
GENE1339,311,1018,713,331,1362,990
GENE1340,40,32,154,45,128,49
GENE1341,18,54,51,23,61,22
GENE1342,456,1442,1899,834,707,1987
GENE1343,282,228,512,313,190,295
GENE1344,5,8,10,4,6,18
GENE1345,50,86,54,34,62,160
GENE1346,56,159,293,33,144,214
GENE1347,38,19,18,13,7,77
GENE1348,18,16,30,7,33,11
GENE1349,50,88,174,95,185,187
GENE1350,205,562,523,289,300,270
GENE1351,18,9,11,32,7,7
GENE1352,23,186,98,98,156,130
GENE1353,404,308,351,292,603,511
GENE1354,13,2,8,3,13,18
GENE1355,8,4,6,1,4,9
GENE1356,116,230,120,67,149,201
GENE1357,2286,3288,2559,2103,2284,5277
GENE1358,162,107,86,99,217,285
GENE1359,77,81,254,94,104,156
GENE1360,111,130,232,59,107,66
GENE1361,7,15,24,9,15,31
GENE1362,456,547,669,349,430,455
GENE1363,113,135,211,62,424,224
GENE1364,304,245,302,216,238,427
GENE1365,583,554,562,260,499,825
GENE1366,15,117,47,7,50,19
GENE1367,34,52,35,33,94,70
GENE1368,243,91,290,63,54,216
GENE1369,142,136,226,69,223,150
GENE1370,265,614,536,304,543,652
GENE1371,24,64,132,26,27,33
GENE1372,572,392,895,524,874,1118
GENE1373,114,168,189,104,165,392
GENE1374,145,243,100,117,263,222
GENE1375,159,261,263,134,231,194
GENE1376,47,122,157,56,172,222
GENE1377,43,217,146,65,77,458
GENE1378,571,1657,1004,405,1027,1189
GENE1379,62,86,79,20,83,192
GENE1380,485,637,1791,774,1869,1010
GENE1381,31,65,41,23,38,79
GENE1382,12,18,44,6,48,49
GENE1383,48,71,64,16,85,78
GENE1384,32,53,49,36,69,85
GENE1385,245,216,226,186,137,284
GENE1386,87,290,258,181,177,309
GENE1387,11,74,35,35,40,78
GENE1388,639,1112,1368,451,1226,1602
GENE1389,23,63,68,82,27,15
GENE1390,559,2391,1509,894,1656,1771
GENE1391,457,894,578,509,1044,1055
GENE1392,3,1,2,8,5,10
GENE1393,42,110,79,22,75,76
GENE1394,474,423,636,483,762,1089
GENE1395,82,54,167,64,55,73
GENE1396,91,359,289,116,206,450
GENE1397,154,143,501,104,272,327
GENE1398,450,862,1258,585,1084,850
GENE1399,1132,2068,697,793,1180,1282
GENE1400,11,16,27,2,29,2
GENE1401,110,77,171,127,81,134
GENE1402,175,202,202,652,1717,1963
GENE1403,28,35,134,49,81,69
GENE1404,9,3,4,1,6,2
GENE1405,29,20,49,11,35,50
GENE1406,762,1255,1134,546,1194,1818
GENE1407,111,158,135,68,115,159
GENE1408,33,9,79,16,27,23
GENE1409,919,530,911,248,408,738
GENE1410,183,682,834,202,415,813
GENE1411,10,68,127,30,66,55
GENE1412,222,622,533,354,778,1934
GENE1413,157,148,203,141,235,350
GENE1414,170,77,282,196,197,255
GENE1415,35,59,30,8,58,39
GENE1416,26,9,52,23,3,32
GENE1417,535,982,657,329,775,1747
GENE1418,2,13,6,0,3,2
GENE1419,134,431,489,90,442,457
GENE1420,359,809,998,488,853,1450
GENE1421,12,99,95,106,45,111
GENE1422,35,10,26,4,14,30
GENE1423,55,24,118,36,60,28
GENE1424,10,29,43,3,14,37
GENE1425,27,39,67,6,47,75
GENE1426,187,325,302,145,154,157
GENE1427,1327,1024,905,772,842,1788
GENE1428,40,76,51,75,67,118
GENE1429,55,101,107,29,95,44
GENE1430,4,31,12,3,4,40
GENE1431,111,213,266,103,185,207
GENE1432,250,426,946,251,479,727
GENE1433,10,16,29,5,21,30
GENE1434,3422,2886,7835,3779,5279,7554
GENE1435,662,741,317,540,442,1571
GENE1436,6327,11708,8833,7402,6905,5648
GENE1437,54,190,68,49,122,92
GENE1438,1337,2256,3607,1749,1614,2642
GENE1439,958,671,1099,675,1228,1495
GENE1440,233,402,664,334,486,476
GENE1441,163,299,179,183,337,437
GENE1442,24,24,58,35,13,37
GENE1443,1093,1605,907,335,1684,680
GENE1444,33,36,166,25,66,79
GENE1445,1520,3167,1930,1137,2268,1712
GENE1446,10,83,12,11,12,26
GENE1447,139,285,196,122,408,409
GENE1448,268,256,178,29,308,316
GENE1449,10,16,47,2,59,73
GENE1450,231,390,572,255,384,696
GENE1451,1932,3683,2476,1961,5051,4502
GENE1452,866,469,1074,406,1303,1028
GENE1453,428,561,1012,659,633,1422
GENE1454,185,142,183,50,169,119
GENE1455,17,39,32,21,197,113
GENE1456,78,23,75,30,150,47
GENE1457,38,202,138,102,84,192
GENE1458,443,559,736,417,971,657
GENE1459,1301,1392,2220,903,1555,1546
GENE1460,43,82,26,16,41,18
GENE1461,25,25,96,29,31,99
GENE1462,211,276,226,244,210,230
GENE1463,557,815,922,230,871,1051
GENE1464,49,146,100,39,64,46
GENE1465,112,196,174,181,168,216
GENE1466,803,1260,1427,1046,1152,1964
GENE1467,6,33,4,2,5,10
GENE1468,33,39,103,55,114,151
GENE1469,9,27,12,16,28,42
GENE1470,76,16,4,37,68,101
GENE1471,1808,1943,4203,2024,3339,3769
GENE1472,35,112,106,73,322,101
GENE1473,56,182,105,99,203,115
GENE1474,249,403,290,80,124,241
GENE1475,7088,6617,12145,5365,7237,8996
GENE1476,129,175,97,113,209,122
GENE1477,1,17,13,7,17,20
GENE1478,13,103,186,90,62,106
GENE1479,93,250,213,68,173,210
GENE1480,296,317,1353,487,1013,839
GENE1481,62,84,23,22,95,65
GENE1482,146,113,157,108,238,187
GENE1483,203,273,390,46,82,120
GENE1484,906,661,1287,859,1350,777
GENE1485,2805,4776,6705,4366,6116,6068
GENE1486,47,62,16,18,54,93
GENE1487,351,226,344,189,470,279
GENE1488,36,207,75,76,95,117
GENE1489,39,27,31,5,90,109
GENE1490,360,438,775,331,354,1378
GENE1491,29,37,21,38,12,12
GENE1492,365,370,818,225,518,704
GENE1493,71,119,124,37,170,67
GENE1494,22,54,49,19,70,63
GENE1495,144,215,262,100,228,225
GENE1496,191,245,502,179,217,252
GENE1497,94,188,196,112,146,373
GENE1498,129,134,310,76,111,134
GENE1499,58,222,451,72,227,308
GENE1500,0,3,6,6,0,2
GENE1501,72,34,100,49,33,82
GENE1502,29,44,107,43,111,95
GENE1503,13,0,6,0,5,10
GENE1504,8,1,15,9,8,10
GENE1505,800,710,910,845,1284,2130
GENE1506,39,54,18,18,33,59
GENE1507,216,213,287,50,160,189
GENE1508,1000,507,1135,467,953,743
GENE1509,2,19,31,2,7,32
GENE1510,75,42,347,47,154,253
GENE1511,574,910,931,744,849,879
GENE1512,50,36,67,59,75,165
GENE1513,453,647,377,201,959,860
GENE1514,92,55,224,53,91,185
GENE1515,326,213,739,416,643,298
GENE1516,409,295,837,540,304,730
GENE1517,33,26,39,4,29,15
GENE1518,108,185,173,92,181,231
GENE1519,512,363,546,396,504,365
GENE1520,271,771,576,379,586,579
GENE1521,11,52,31,29,56,50
GENE1522,119,125,315,95,176,169
GENE1523,114,121,153,78,89,131
GENE1524,40,125,59,36,131,103
GENE1525,76,37,167,47,104,56
GENE1526,2869,5342,3558,2086,4332,6553
GENE1527,10,85,21,6,25,18
GENE1528,1,0,1,1,0,22
GENE1529,1006,1438,1432,816,1078,1594
GENE1530,38,33,75,23,39,59
GENE1531,503,346,1153,466,651,547
GENE1532,1025,752,948,763,975,1175
GENE1533,155,99,129,79,255,258
GENE1534,2173,6041,5131,3871,6107,3206
GENE1535,4,13,53,12,21,18
GENE1536,245,581,645,484,479,643
GENE1537,92,191,235,77,214,523
GENE1538,568,665,1215,360,998,1228
GENE1539,37,159,42,102,42,86
GENE1540,514,621,756,226,864,570
GENE1541,305,314,416,403,592,735
GENE1542,26,24,23,13,3,54
GENE1543,12,35,37,13,16,17
GENE1544,280,328,331,304,167,486
GENE1545,531,433,721,445,505,817
GENE1546,729,887,1901,976,1684,1991
GENE1547,805,1027,408,1228,1213,2765
GENE1548,107,237,297,233,257,401
GENE1549,28,48,29,5,90,35
GENE1550,1057,2270,2025,1030,1482,3378
GENE1551,16,31,66,25,112,51
GENE1552,212,554,326,236,323,818
GENE1553,14,62,68,34,85,72
GENE1554,18,48,16,50,21,39
GENE1555,220,81,207,248,216,384
GENE1556,3,11,25,16,17,3
GENE1557,213,348,729,187,296,620
GENE1558,3,14,51,15,23,38
GENE1559,266,97,272,127,343,412
GENE1560,8,11,7,5,5,23
GENE1561,12,4,13,9,2,21
GENE1562,453,276,261,431,338,533
GENE1563,3,3,14,0,6,3
GENE1564,36,41,203,41,86,52
GENE1565,154,172,174,228,207,241
GENE1566,1151,1191,1593,1161,1966,2549
GENE1567,317,349,510,72,396,255
GENE1568,317,323,528,147,243,642
GENE1569,159,163,361,135,131,206
GENE1570,78,167,38,29,80,122
GENE1571,141,397,387,129,365,469
GENE1572,13,16,53,45,34,44
GENE1573,2006,2200,3468,1677,4290,6355
GENE1574,15,24,19,31,21,35
GENE1575,22,114,49,14,40,82
GENE1576,19,24,6,21,26,75
GENE1577,29,78,124,36,19,53
GENE1578,46,140,391,109,164,188
GENE1579,243,623,589,377,701,398
GENE1580,5,14,33,13,14,42
GENE1581,47,119,53,52,118,67
GENE1582,8,55,15,8,44,6
GENE1583,45,96,70,66,58,25
GENE1584,78,27,48,31,52,23
GENE1585,26,93,19,11,79,71
GENE1586,86,111,85,79,69,192
GENE1587,13,40,12,136,85,485
GENE1588,7,27,30,15,11,33
GENE1589,59,154,155,57,103,203
GENE1590,1028,1422,1760,1023,1075,2265
GENE1591,26,32,46,17,26,83
GENE1592,2222,3747,4734,2079,3775,3850
GENE1593,6128,7647,9341,4477,8954,11531
GENE1594,52,203,237,23,20,42
GENE1595,696,743,919,543,482,961
GENE1596,47,91,138,39,57,100
GENE1597,178,122,468,138,141,394
GENE1598,389,298,437,275,315,346
GENE1599,3744,7690,12131,2662,6420,6674
GENE1600,238,558,941,513,729,1045
GENE1601,1173,2118,2454,972,1255,3220
GENE1602,131,206,173,237,349,185
GENE1603,553,1029,1148,445,1089,1276
GENE1604,7,3,11,2,2,6
GENE1605,104,320,173,131,242,262
GENE1606,44,99,214,153,203,323
GENE1607,32,64,33,89,39,114
GENE1608,82,59,389,103,131,221
GENE1609,27,142,238,55,63,126
GENE1610,210,402,467,601,515,656
GENE1611,306,171,431,338,258,356
GENE1612,376,629,483,147,410,755
GENE1613,49,218,230,134,114,184
GENE1614,126,158,148,114,93,121
GENE1615,865,1599,811,631,1114,721
GENE1616,103,241,400,113,240,367
GENE1617,216,202,334,188,246,551
GENE1618,138,279,203,110,199,359
GENE1619,9,25,24,13,38,26
GENE1620,41,121,145,61,92,92
GENE1621,14,88,94,7,23,26
GENE1622,361,666,1128,599,489,750
GENE1623,291,168,396,135,282,728
GENE1624,305,288,929,109,625,671
GENE1625,64,101,187,58,101,39
GENE1626,207,370,172,90,176,348
GENE1627,1731,1267,1453,1213,1060,2183
GENE1628,128,254,281,75,158,187
GENE1629,25,97,102,33,55,107
GENE1630,40,46,128,16,62,205
GENE1631,136,247,379,104,276,399
GENE1632,299,254,382,181,345,510
GENE1633,71,96,118,102,54,108
GENE1634,49,77,223,53,164,35
GENE1635,3148,2944,7364,1922,10359,5354
GENE1636,540,729,819,361,973,1384
GENE1637,72,158,131,110,71,100
GENE1638,277,513,502,204,603,929
GENE1639,1566,1325,3575,1484,1918,2890
GENE1640,64,152,170,42,173,193
GENE1641,58,91,141,43,56,322
GENE1642,294,426,1016,250,723,281
GENE1643,5,42,48,23,5,26
GENE1644,28,46,60,30,107,62
GENE1645,89,76,88,26,76,18
GENE1646,522,789,632,280,584,782
GENE1647,2806,4261,2410,1976,4535,2816
GENE1648,1612,1232,1504,581,1547,1833
GENE1649,191,310,269,183,510,577
GENE1650,58,108,84,29,79,82
GENE1651,124,258,323,87,452,556
GENE1652,22,43,31,41,92,76
GENE1653,12,58,87,89,47,103
GENE1654,50,34,80,51,51,50
GENE1655,28,27,57,18,42,74
GENE1656,8,60,66,26,28,34
GENE1657,155,135,297,83,234,223
GENE1658,79,195,134,49,115,342
GENE1659,109,97,343,22,124,198
GENE1660,197,197,206,124,382,438
GENE1661,248,447,737,433,484,596
GENE1662,15,26,21,7,17,18
GENE1663,483,855,1051,262,693,994
GENE1664,202,398,664,492,642,878
GENE1665,115,107,125,168,137,233
GENE1666,488,493,574,252,907,766
GENE1667,2172,1775,3805,1038,2643,4349
GENE1668,4,3,9,8,0,17
GENE1669,70,113,111,66,220,116
GENE1670,703,1597,857,1151,940,1564
GENE1671,2,11,1,6,3,6
GENE1672,173,145,299,123,231,249
GENE1673,24,55,87,28,38,19
GENE1674,8,19,18,3,32,26
GENE1675,302,251,393,202,499,558
GENE1676,124,176,132,63,277,177
GENE1677,125,283,339,125,229,266
GENE1678,1057,1517,1513,1321,2361,2228
GENE1679,245,326,261,160,239,496
GENE1680,46,66,119,11,68,62
GENE1681,13,36,50,0,50,28
GENE1682,1,1,4,4,1,9
GENE1683,124,100,511,93,122,202
GENE1684,55,113,58,109,144,66
GENE1685,196,254,501,159,483,713
GENE1686,12,51,58,2,36,21
GENE1687,708,1664,1849,503,1045,886
GENE1688,476,310,475,296,884,1094
GENE1689,463,1038,719,299,668,1307
GENE1690,64,209,170,122,292,315
GENE1691,60,132,45,45,79,147
GENE1692,14,62,92,37,13,34
GENE1693,97,299,168,91,238,267
GENE1694,228,258,199,129,165,338
GENE1695,4,19,5,13,2,6
GENE1696,16,37,63,29,66,23
GENE1697,19,24,63,46,145,47
GENE1698,2059,3309,2056,1178,4345,3229
GENE1699,32,31,58,42,26,23
GENE1700,129,209,447,221,532,405
GENE1701,1348,1208,1586,1069,1681,1576
GENE1702,83,218,147,53,247,215
GENE1703,6,5,9,3,16,30
GENE1704,77,112,74,86,161,150
GENE1705,38,46,24,55,111,41
GENE1706,31,17,10,4,22,36
GENE1707,73,114,166,68,155,103
GENE1708,131,43,127,10,45,67
GENE1709,58,45,116,61,66,117
GENE1710,120,263,194,121,280,400
GENE1711,637,1733,2198,551,1771,1439
GENE1712,28,184,183,54,129,84
GENE1713,57,89,184,62,81,100
GENE1714,39,98,65,63,106,218
GENE1715,252,198,416,244,740,461
GENE1716,11,98,45,24,84,64
GENE1717,2845,3935,6172,3877,4443,7072
GENE1718,55,26,30,33,19,79
GENE1719,163,309,341,130,341,170
GENE1720,179,280,791,202,330,323
GENE1721,1209,2999,2242,1238,2345,2658
GENE1722,473,655,591,471,526,1482
GENE1723,34,46,111,7,28,46
GENE1724,77,50,228,45,95,177
GENE1725,30,73,91,41,29,116
GENE1726,0,0,1,4,2,6
GENE1727,167,224,287,198,166,322
GENE1728,247,145,328,200,488,521
GENE1729,123,257,404,236,440,365
GENE1730,29,21,56,16,51,95
GENE1731,133,670,533,463,543,861
GENE1732,19,29,77,41,68,22
GENE1733,2366,5345,6086,2007,3809,6860
GENE1734,10037,19775,21935,9185,25483,40247
GENE1735,72,212,179,62,93,202
GENE1736,725,2755,1213,1053,1385,1830
GENE1737,90,87,55,30,83,98
GENE1738,91,85,41,23,18,67
GENE1739,36,39,103,49,104,164
GENE1740,111,192,309,142,251,353
GENE1741,1667,3432,2535,1754,3256,2445
GENE1742,333,660,485,207,977,620
GENE1743,43,84,176,95,127,141
GENE1744,130,216,305,156,297,328
GENE1745,603,893,987,2044,2602,6125
GENE1746,81,302,182,148,178,219
GENE1747,301,578,607,265,277,238
GENE1748,0,18,1,5,1,13
GENE1749,124,284,96,66,249,207
GENE1750,534,505,1351,358,411,965
GENE1751,1278,2609,2556,912,2769,3850
GENE1752,19,24,72,35,66,86
GENE1753,13,23,78,28,50,44
GENE1754,310,295,280,229,397,432
GENE1755,30,29,123,98,57,185
GENE1756,108,679,1441,199,636,557
GENE1757,19,95,122,41,66,78
GENE1758,14,11,18,13,21,21
GENE1759,74,122,161,88,52,143
GENE1760,65,89,82,89,35,113
GENE1761,30,68,39,15,86,86
GENE1762,60,87,104,44,59,84
GENE1763,21,38,66,38,86,114
GENE1764,3,15,11,7,7,13
GENE1765,159,131,391,100,234,155
GENE1766,56,213,236,93,134,238
GENE1767,284,239,555,328,470,954
GENE1768,203,295,948,231,712,1215
GENE1769,5,4,4,0,11,2
GENE1770,330,277,640,256,782,519
GENE1771,1183,1320,1493,892,1219,1881
GENE1772,3,5,10,10,5,1
GENE1773,2177,2982,4269,2548,4401,9046
GENE1774,9,69,92,15,58,11
GENE1775,405,826,1560,667,1111,1057
GENE1776,334,552,793,138,702,671
GENE1777,1059,1485,2730,1041,938,2396
GENE1778,375,215,833,259,518,899
GENE1779,103,130,430,317,582,845
GENE1780,36,58,27,31,73,73
GENE1781,913,1910,2206,1024,1185,1813
GENE1782,1136,1334,949,793,1500,2081
GENE1783,212,449,662,320,474,785
GENE1784,392,665,805,528,911,568
GENE1785,3,12,13,25,15,7
GENE1786,320,633,507,242,619,769
GENE1787,1150,1204,1556,670,1354,1553
GENE1788,12,11,8,18,46,28
GENE1789,148,281,320,55,160,463
GENE1790,104,72,177,144,147,268
GENE1791,468,708,504,378,1263,1210
GENE1792,1770,798,1952,1374,2043,2254
GENE1793,10,32,64,17,44,46
GENE1794,248,420,308,256,267,507
GENE1795,164,328,488,147,293,457
GENE1796,94,272,305,85,258,293
GENE1797,119,229,361,47,96,140
GENE1798,1367,1640,924,942,1541,2159
GENE1799,57,66,64,31,38,41
GENE1800,75,91,110,27,156,109
GENE1801,2,25,75,9,43,65
GENE1802,3,0,14,1,23,3
GENE1803,7,9,0,8,2,0
GENE1804,575,510,366,322,493,634
GENE1805,1220,3361,2870,1349,2719,2098
GENE1806,119,194,353,223,303,289
GENE1807,506,736,2130,413,1612,1859
GENE1808,9,6,25,7,16,54
GENE1809,127,255,148,110,277,190
GENE1810,313,349,249,203,155,369
GENE1811,43,77,133,88,124,157
GENE1812,1,6,7,3,3,26
GENE1813,489,897,874,447,905,1082
GENE1814,20,30,99,48,27,90
GENE1815,178,417,410,311,972,802
GENE1816,902,887,2251,839,2755,2817
GENE1817,2234,5351,9553,3452,6205,7653
GENE1818,255,235,301,292,324,419
GENE1819,165,145,246,160,308,447
GENE1820,5,7,43,34,32,19
GENE1821,61,86,254,127,339,216
GENE1822,213,422,362,494,426,674
GENE1823,203,388,664,220,438,435
GENE1824,0,1,1,0,7,5
GENE1825,14,12,10,7,23,32
GENE1826,11,9,67,17,4,50
GENE1827,212,392,643,303,289,631
GENE1828,62,79,141,51,116,135
GENE1829,8,26,17,45,12,49
GENE1830,32,103,190,32,132,225
GENE1831,17,23,56,7,19,13
GENE1832,203,193,237,115,298,427
GENE1833,154,309,207,128,409,494
GENE1834,591,621,1021,649,428,1551
GENE1835,20,30,21,0,40,8
GENE1836,105,33,178,61,62,211
GENE1837,20,75,113,31,56,163
GENE1838,291,255,236,226,153,602
GENE1839,59,136,51,51,65,136
GENE1840,1878,2009,2451,2085,4604,5614
GENE1841,209,253,508,258,289,379
GENE1842,79,86,258,59,100,139
GENE1843,16,20,57,5,11,20
GENE1844,136,194,294,136,226,557
GENE1845,1,13,4,0,1,5
GENE1846,197,183,215,187,295,494
GENE1847,52,48,31,11,73,54
GENE1848,12,0,15,6,13,29
GENE1849,315,452,517,215,634,326
GENE1850,94,103,269,69,186,236
GENE1851,206,344,907,244,631,571
GENE1852,189,309,393,255,482,141
GENE1853,361,557,1212,438,793,707
GENE1854,49,49,62,55,98,53
GENE1855,4721,3917,8556,6506,10271,9087
GENE1856,160,137,134,111,263,446
GENE1857,416,921,1688,449,752,795
GENE1858,412,961,827,471,769,852
GENE1859,1491,578,829,784,1250,1463
GENE1860,91,128,295,124,192,126
GENE1861,58,141,165,98,118,55
GENE1862,8,47,23,16,12,50
GENE1863,51,33,14,32,31,16
GENE1864,103,117,116,108,176,280
GENE1865,35,21,73,38,8,69
GENE1866,8,35,50,17,45,98
GENE1867,836,1127,2243,342,1918,955
GENE1868,13,59,44,22,30,65
GENE1869,133,144,98,153,202,231
GENE1870,22,6,2,28,12,17
GENE1871,598,966,2212,339,1489,1600
GENE1872,107,329,574,143,478,386
GENE1873,183,150,88,76,168,120
GENE1874,184,183,246,189,164,319
GENE1875,5977,8075,11205,9234,10626,16950
GENE1876,701,1892,1772,1385,2395,2695
GENE1877,101,79,103,83,224,58
GENE1878,10,30,37,22,15,19
GENE1879,511,680,1162,303,1138,1240
GENE1880,1541,1784,2030,812,947,2250
GENE1881,119,84,63,48,60,75
GENE1882,71,193,267,86,171,162
GENE1883,29,170,289,132,246,194
GENE1884,532,1041,644,259,827,817
GENE1885,104,195,141,140,227,287
GENE1886,21,63,38,32,67,33
GENE1887,23,18,44,35,43,37
GENE1888,32,95,76,45,57,200
GENE1889,2829,4096,2794,2452,3396,5916
GENE1890,183,140,346,167,243,217
GENE1891,803,691,977,698,1120,2127
GENE1892,534,589,733,454,509,567
GENE1893,149,216,173,121,223,348
GENE1894,99,46,203,137,176,178
GENE1895,16,22,83,15,12,47
GENE1896,401,1037,941,572,948,1298
GENE1897,1302,628,1114,134,177,289
GENE1898,111,256,387,95,263,385
GENE1899,37,46,92,34,92,29
GENE1900,15,64,39,43,102,51
GENE1901,41,118,236,145,191,191
GENE1902,80,100,153,46,109,233
GENE1903,74,161,128,33,156,209
GENE1904,411,1652,1183,515,552,1285
GENE1905,103,133,139,118,382,120
GENE1906,413,600,892,399,683,961
GENE1907,261,1170,572,577,607,584
GENE1908,69,63,98,61,46,193
GENE1909,53,62,53,47,68,52
GENE1910,9,36,31,26,26,15
GENE1911,52,66,90,28,35,73
GENE1912,68,122,136,74,142,110
GENE1913,12,37,19,11,13,29
GENE1914,122,140,237,717,2390,3857
GENE1915,83,163,286,172,303,419
GENE1916,1,7,14,19,3,46
GENE1917,82,173,161,38,104,211
GENE1918,52,120,304,33,338,154
GENE1919,30,135,170,68,178,152
GENE1920,16,46,100,25,54,45
GENE1921,72,193,122,78,171,243
GENE1922,160,602,776,103,316,753
GENE1923,89,383,262,102,166,358
GENE1924,49,100,77,33,68,98
GENE1925,50,43,78,11,89,62
GENE1926,79,108,83,37,127,153
GENE1927,79,48,184,85,121,94
GENE1928,4582,9774,9096,6489,8305,11065
GENE1929,367,516,781,413,676,926
GENE1930,936,852,2688,901,2496,2721
GENE1931,0,10,6,0,4,10
GENE1932,123,205,125,58,214,230
GENE1933,80,140,154,41,146,277
GENE1934,342,255,437,324,306,224
GENE1935,171,121,232,57,164,167
GENE1936,414,489,590,494,251,844
GENE1937,1533,2334,4122,1366,2925,4336
GENE1938,3,9,18,5,4,13
GENE1939,30,40,39,12,37,26
GENE1940,100,246,273,294,367,371
GENE1941,16,49,51,3,19,43
GENE1942,130,135,260,133,300,373
GENE1943,1,6,0,1,1,3
GENE1944,170,180,372,118,180,406
GENE1945,144,237,640,141,221,422
GENE1946,93,189,351,135,243,213
GENE1947,12,8,8,1,7,11
GENE1948,287,685,498,208,628,1105
GENE1949,396,443,632,407,741,534
GENE1950,202,173,177,97,353,229
GENE1951,369,615,233,325,410,392
GENE1952,13,46,18,20,56,18
GENE1953,61,103,70,30,74,103
GENE1954,41,53,107,18,95,60
GENE1955,47,95,108,77,223,190
GENE1956,66,33,116,137,66,172
GENE1957,349,768,569,464,768,547
GENE1958,9,6,2,0,12,8
GENE1959,1793,3278,4480,2331,3694,2671
GENE1960,95,483,328,176,132,290
GENE1961,107,299,446,90,292,196
GENE1962,12,42,47,4,28,57
GENE1963,166,212,127,178,299,292
GENE1964,43,24,54,13,36,51
GENE1965,9,35,71,18,49,16
GENE1966,196,160,382,160,142,181
GENE1967,169,736,668,426,638,489
GENE1968,26,129,198,73,133,144
GENE1969,100,93,178,51,208,255
GENE1970,254,397,484,123,292,239
GENE1971,102,292,317,123,255,183
GENE1972,149,336,258,143,308,430
GENE1973,88,177,67,51,68,231
GENE1974,285,450,768,373,380,903
GENE1975,601,1258,1071,210,382,752
GENE1976,32,113,56,36,44,89
GENE1977,99,200,159,119,135,83
GENE1978,167,617,601,194,726,317
GENE1979,0,15,34,19,30,8
GENE1980,198,247,444,192,455,462
GENE1981,772,1358,1362,716,976,1626
GENE1982,187,206,322,200,344,559
GENE1983,96,191,124,38,107,125
GENE1984,217,259,196,270,381,223
GENE1985,22,24,56,21,60,90
GENE1986,341,336,824,417,584,861
GENE1987,198,216,200,170,172,304
GENE1988,4,1,22,3,8,15
GENE1989,288,396,927,563,438,462
GENE1990,430,842,1334,323,403,656
GENE1991,1514,1739,1978,1509,3897,1391
GENE1992,30,47,60,50,59,32
GENE1993,62,90,103,43,82,146
GENE1994,562,1579,950,489,1549,2588
GENE1995,50,38,35,37,32,80
GENE1996,64,27,40,45,62,95
GENE1997,70,140,207,134,77,158
GENE1998,557,540,787,551,979,578
GENE1999,1298,2140,3203,2071,2591,4383
GENE2000,168,164,613,228,374,544
